Year,Month,Day,Real Losses (in cubic meters),flow analysis (central),flow analysis (receive),Loss Analysis,Alert Analysis
2018,January,1,18,10.342,10.234,Ok,Working
2018,January,2,18,10.498,10.128,Loss,Alert
2018,January,3,25,10.549,10.269,Ok,Working
2018,January,4,31,10.485,10.283,Ok,Working
2018,January,5,30,10.573,10.028,Loss,Alert
2018,January,6,15,10.533,10.286,Ok,Working
2018,January,7,33,10.443,10.059,Loss,Alert
2018,January,8,22,10.394,10.203,Ok,Working
2018,January,9,15,10.502,10.098,Loss,Alert
2018,January,10,29,10.493,10.071,Loss,Alert
2018,January,11,23,10.482,10.191,Ok,Working
2018,January,12,24,10.315,10.293,Ok,Working
2018,January,13,18,10.449,10.088,Loss,Alert
2018,January,14,24,10.323,10.192,Ok,Working
2018,January,15,23,10.396,10.271,Ok,Working
2018,January,16,35,10.302,10.167,Ok,Working
2018,January,17,16,10.426,10.037,Loss,Alert
2018,January,18,33,10.468,10.291,Ok,Working
2018,January,19,20,10.314,10.036,Ok,Working
2018,January,20,35,10.362,10.042,Ok,Working
2018,January,21,34,10.38,10.208,Ok,Working
2018,January,22,18,10.476,10.119,Loss,Alert
2018,January,23,20,10.332,10.144,Ok,Working
2018,January,24,30,10.336,10.153,Ok,Working
2018,January,25,15,10.582,10.208,Loss,Alert
2018,January,26,24,10.487,10.297,Ok,Working
2018,January,27,34,10.35,10.098,Ok,Working
2018,January,28,20,10.58,10.244,Ok,Working
2018,January,29,24,10.541,10.098,Loss,Alert
2018,January,30,26,10.348,10.025,Ok,Working
2018,January,31,27,10.324,10.219,Ok,Working
2018,February,1,29,10.42,10.01,Loss,Alert
2018,February,2,29,10.332,10.224,Ok,Working
2018,February,3,22,10.475,10.124,Loss,Alert
2018,February,4,33,10.525,10.3,Ok,Working
2018,February,5,18,10.509,10.087,Loss,Alert
2018,February,6,29,10.512,10.221,Ok,Working
2018,February,7,34,10.585,10.055,Loss,Alert
2018,February,8,30,10.482,10.096,Loss,Alert
2018,February,9,24,10.559,10.05,Loss,Alert
2018,February,10,15,10.506,10.105,Loss,Alert
2018,February,11,34,10.372,10.209,Ok,Working
2018,February,12,29,10.441,10.174,Ok,Working
2018,February,13,15,10.474,10.24,Ok,Working
2018,February,14,15,10.332,10.021,Ok,Working
2018,February,15,33,10.33,10.239,Ok,Working
2018,February,16,20,10.362,10.098,Ok,Working
2018,February,17,31,10.389,10.295,Ok,Working
2018,February,18,30,10.581,10.197,Loss,Alert
2018,February,19,15,10.496,10.254,Ok,Working
2018,February,20,20,10.476,10.218,Ok,Working
2018,February,21,27,10.375,10.285,Ok,Working
2018,February,22,34,10.527,10.066,Loss,Alert
2018,February,23,23,10.301,10.078,Ok,Working
2018,February,24,16,10.33,10.06,Ok,Working
2018,February,25,26,10.48,10.126,Loss,Alert
2018,February,26,19,10.339,10.105,Ok,Working
2018,February,27,18,10.486,10.13,Loss,Alert
2018,February,28,21,10.418,10.163,Ok,Working
2018,March,1,15,10.348,10.252,Ok,Working
2018,March,2,28,10.433,10.255,Ok,Working
2018,March,3,34,10.326,10.225,Ok,Working
2018,March,4,34,10.509,10.295,Ok,Working
2018,March,5,33,10.345,10.164,Ok,Working
2018,March,6,23,10.575,10.012,Loss,Alert
2018,March,7,29,10.472,10.264,Ok,Working
2018,March,8,32,10.332,10.037,Ok,Working
2018,March,9,17,10.311,10.229,Ok,Working
2018,March,10,29,10.576,10.079,Loss,Alert
2018,March,11,17,10.444,10.114,Ok,Working
2018,March,12,33,10.493,10.218,Ok,Working
2018,March,13,22,10.376,10.163,Ok,Working
2018,March,14,32,10.331,10.017,Ok,Working
2018,March,15,22,10.367,10.07,Ok,Working
2018,March,16,30,10.505,10.038,Loss,Alert
2018,March,17,21,10.403,10.298,Ok,Working
2018,March,18,20,10.512,10.268,Ok,Working
2018,March,19,35,10.581,10.287,Ok,Working
2018,March,20,21,10.355,10.113,Ok,Working
2018,March,21,34,10.348,10.245,Ok,Working
2018,March,22,21,10.547,10.16,Loss,Alert
2018,March,23,33,10.355,10.045,Ok,Working
2018,March,24,17,10.537,10.155,Loss,Alert
2018,March,25,17,10.329,10.05,Ok,Working
2018,March,26,30,10.435,10.036,Loss,Alert
2018,March,27,35,10.559,10.037,Loss,Alert
2018,March,28,15,10.59,10.071,Loss,Alert
2018,March,29,24,10.336,10.058,Ok,Working
2018,March,30,34,10.36,10.04,Ok,Working
2018,March,31,23,10.58,10.186,Loss,Alert
2018,April,1,28,10.303,10.131,Ok,Working
2018,April,2,25,10.501,10.201,Ok,Working
2018,April,3,34,10.356,10.12,Ok,Working
2018,April,4,35,10.451,10.162,Ok,Working
2018,April,5,22,10.35,10.239,Ok,Working
2018,April,6,29,10.306,10.254,Ok,Working
2018,April,7,23,10.302,10.152,Ok,Working
2018,April,8,30,10.449,10.145,Ok,Working
2018,April,9,32,10.481,10.142,Ok,Working
2018,April,10,34,10.579,10.298,Ok,Working
2018,April,11,16,10.543,10.159,Loss,Alert
2018,April,12,18,10.438,10.255,Ok,Working
2018,April,13,31,10.359,10.237,Ok,Working
2018,April,14,15,10.599,10.115,Loss,Alert
2018,April,15,32,10.591,10.011,Loss,Alert
2018,April,16,21,10.528,10.164,Loss,Alert
2018,April,17,18,10.583,10.103,Loss,Alert
2018,April,18,29,10.504,10.252,Ok,Working
2018,April,19,20,10.352,10.15,Ok,Working
2018,April,20,20,10.462,10.001,Loss,Alert
2018,April,21,34,10.56,10.264,Ok,Working
2018,April,22,32,10.494,10.18,Ok,Working
2018,April,23,15,10.584,10.224,Loss,Alert
2018,April,24,33,10.498,10.036,Loss,Alert
2018,April,25,32,10.346,10.081,Ok,Working
2018,April,26,17,10.329,10.01,Ok,Working
2018,April,27,21,10.549,10.077,Loss,Alert
2018,April,28,28,10.534,10.186,Ok,Working
2018,April,29,30,10.369,10.117,Ok,Working
2018,April,30,28,10.411,10,Loss,Alert
2018,May,1,31,10.58,10.05,Loss,Alert
2018,May,2,24,10.481,10.176,Ok,Working
2018,May,3,34,10.415,10.188,Ok,Working
2018,May,4,25,10.37,10.062,Ok,Working
2018,May,5,34,10.323,10.22,Ok,Working
2018,May,6,29,10.463,10.04,Loss,Alert
2018,May,7,22,10.345,10.243,Ok,Working
2018,May,8,17,10.475,10.068,Loss,Alert
2018,May,9,23,10.454,10.219,Ok,Working
2018,May,10,18,10.353,10.075,Ok,Working
2018,May,11,16,10.485,10.202,Ok,Working
2018,May,12,22,10.487,10.122,Loss,Alert
2018,May,13,19,10.339,10.045,Ok,Working
2018,May,14,33,10.437,10.091,Ok,Working
2018,May,15,35,10.403,10.075,Ok,Working
2018,May,16,28,10.364,10.103,Ok,Working
2018,May,17,30,10.318,10.165,Ok,Working
2018,May,18,26,10.554,10,Loss,Alert
2018,May,19,34,10.329,10.209,Ok,Working
2018,May,20,26,10.35,10.091,Ok,Working
2018,May,21,35,10.346,10.253,Ok,Working
2018,May,22,22,10.588,10.141,Loss,Alert
2018,May,23,31,10.47,10.298,Ok,Working
2018,May,24,26,10.33,10.187,Ok,Working
2018,May,25,30,10.323,10.144,Ok,Working
2018,May,26,16,10.474,10.241,Ok,Working
2018,May,27,28,10.58,10.285,Ok,Working
2018,May,28,33,10.451,10.099,Loss,Alert
2018,May,29,20,10.316,10.145,Ok,Working
2018,May,30,25,10.494,10.171,Ok,Working
2018,May,31,35,10.449,10.269,Ok,Working
2018,June,1,20,10.566,10.163,Loss,Alert
2018,June,2,21,10.54,10.278,Ok,Working
2018,June,3,19,10.526,10.195,Ok,Working
2018,June,4,32,10.568,10.124,Loss,Alert
2018,June,5,33,10.339,10.262,Ok,Working
2018,June,6,22,10.497,10.09,Loss,Alert
2018,June,7,20,10.513,10.078,Loss,Alert
2018,June,8,21,10.467,10.03,Loss,Alert
2018,June,9,30,10.537,10.288,Ok,Working
2018,June,10,18,10.451,10.096,Loss,Alert
2018,June,11,29,10.33,10.232,Ok,Working
2018,June,12,15,10.42,10.147,Ok,Working
2018,June,13,33,10.508,10.109,Loss,Alert
2018,June,14,23,10.301,10.294,Ok,Working
2018,June,15,26,10.407,10.109,Ok,Working
2018,June,16,29,10.569,10.014,Loss,Alert
2018,June,17,19,10.308,10.173,Ok,Working
2018,June,18,17,10.534,10.223,Ok,Working
2018,June,19,30,10.351,10.093,Ok,Working
2018,June,20,26,10.543,10.17,Loss,Alert
2018,June,21,16,10.489,10.111,Loss,Alert
2018,June,22,19,10.356,10.008,Ok,Working
2018,June,23,26,10.551,10.284,Ok,Working
2018,June,24,32,10.402,10.148,Ok,Working
2018,June,25,20,10.6,10.276,Ok,Working
2018,June,26,35,10.312,10.134,Ok,Working
2018,June,27,20,10.374,10.064,Ok,Working
2018,June,28,26,10.475,10.055,Loss,Alert
2018,June,29,22,10.593,10.276,Ok,Working
2018,June,30,27,10.56,10.141,Loss,Alert
2018,July,1,19,10.344,10.045,Ok,Working
2018,July,2,16,10.495,10.222,Ok,Working
2018,July,3,23,10.594,10.149,Loss,Alert
2018,July,4,22,10.329,10.008,Ok,Working
2018,July,5,31,10.585,10.087,Loss,Alert
2018,July,6,26,10.445,10.029,Loss,Alert
2018,July,7,22,10.328,10.123,Ok,Working
2018,July,8,27,10.431,10.059,Loss,Alert
2018,July,9,28,10.455,10.026,Loss,Alert
2018,July,10,34,10.46,10.239,Ok,Working
2018,July,11,30,10.355,10.157,Ok,Working
2018,July,12,30,10.56,10.19,Loss,Alert
2018,July,13,15,10.377,10.021,Loss,Alert
2018,July,14,25,10.433,10.161,Ok,Working
2018,July,15,23,10.514,10.068,Loss,Alert
2018,July,16,27,10.481,10.103,Loss,Alert
2018,July,17,17,10.478,10.244,Ok,Working
2018,July,18,25,10.471,10.133,Ok,Working
2018,July,19,20,10.44,10.145,Ok,Working
2018,July,20,26,10.388,10.006,Loss,Alert
2018,July,21,32,10.46,10.039,Loss,Alert
2018,July,22,21,10.339,10.264,Ok,Working
2018,July,23,17,10.525,10.134,Loss,Alert
2018,July,24,29,10.332,10.078,Ok,Working
2018,July,25,18,10.453,10.204,Ok,Working
2018,July,26,31,10.385,10.259,Ok,Working
2018,July,27,25,10.577,10.227,Loss,Alert
2018,July,28,22,10.453,10.017,Loss,Alert
2018,July,29,22,10.355,10.254,Ok,Working
2018,July,30,26,10.391,10.276,Ok,Working
2018,July,31,17,10.564,10.073,Loss,Alert
2018,August,1,23,10.469,10.199,Ok,Working
2018,August,2,34,10.557,10.094,Loss,Alert
2018,August,3,34,10.535,10.138,Loss,Alert
2018,August,4,15,10.361,10.018,Ok,Working
2018,August,5,24,10.471,10.112,Loss,Alert
2018,August,6,23,10.33,10.294,Ok,Working
2018,August,7,35,10.491,10.235,Ok,Working
2018,August,8,33,10.425,10.267,Ok,Working
2018,August,9,31,10.335,10.187,Ok,Working
2018,August,10,25,10.496,10.186,Ok,Working
2018,August,11,17,10.513,10.1,Loss,Alert
2018,August,12,22,10.34,10.207,Ok,Working
2018,August,13,21,10.375,10.058,Ok,Working
2018,August,14,16,10.489,10.096,Loss,Alert
2018,August,15,21,10.521,10.137,Loss,Alert
2018,August,16,34,10.497,10.245,Ok,Working
2018,August,17,31,10.446,10.124,Ok,Working
2018,August,18,23,10.375,10.261,Ok,Working
2018,August,19,28,10.535,10.044,Loss,Alert
2018,August,20,22,10.445,10.126,Ok,Working
2018,August,21,23,10.376,10.206,Ok,Working
2018,August,22,30,10.517,10.267,Ok,Working
2018,August,23,28,10.5,10.249,Ok,Working
2018,August,24,27,10.412,10.099,Ok,Working
2018,August,25,32,10.528,10.136,Loss,Alert
2018,August,26,17,10.464,10.258,Ok,Working
2018,August,27,17,10.329,10.04,Ok,Working
2018,August,28,17,10.454,10.27,Ok,Working
2018,August,29,19,10.552,10.239,Ok,Working
2018,August,30,27,10.476,10.2,Ok,Working
2018,August,31,29,10.343,10.171,Ok,Working
2018,September,1,25,10.458,10.204,Ok,Working
2018,September,2,22,10.344,10.158,Ok,Working
2018,September,3,24,10.463,10.088,Loss,Alert
2018,September,4,20,10.335,10.187,Ok,Working
2018,September,5,30,10.333,10.011,Ok,Working
2018,September,6,25,10.495,10.05,Loss,Alert
2018,September,7,28,10.486,10.016,Loss,Alert
2018,September,8,31,10.485,10.064,Loss,Alert
2018,September,9,25,10.348,10.274,Ok,Working
2018,September,10,26,10.586,10.171,Loss,Alert
2018,September,11,26,10.361,10.031,Ok,Working
2018,September,12,17,10.468,10.106,Loss,Alert
2018,September,13,15,10.541,10.248,Ok,Working
2018,September,14,34,10.506,10.069,Loss,Alert
2018,September,15,25,10.477,10.15,Ok,Working
2018,September,16,30,10.435,10.073,Loss,Alert
2018,September,17,26,10.586,10.067,Loss,Alert
2018,September,18,26,10.525,10.176,Ok,Working
2018,September,19,15,10.492,10.155,Ok,Working
2018,September,20,30,10.455,10.111,Ok,Working
2018,September,21,30,10.425,10.278,Ok,Working
2018,September,22,23,10.481,10.216,Ok,Working
2018,September,23,15,10.501,10.291,Ok,Working
2018,September,24,30,10.552,10.192,Loss,Alert
2018,September,25,32,10.425,10.131,Ok,Working
2018,September,26,19,10.59,10.248,Ok,Working
2018,September,27,15,10.51,10.293,Ok,Working
2018,September,28,16,10.563,10.285,Ok,Working
2018,September,29,26,10.387,10.063,Ok,Working
2018,September,30,19,10.458,10.124,Ok,Working
2018,October,1,23,10.43,10.036,Loss,Alert
2018,October,2,24,10.493,10.3,Ok,Working
2018,October,3,19,10.4,10.247,Ok,Working
2018,October,4,28,10.33,10.281,Ok,Working
2018,October,5,23,10.549,10.166,Loss,Alert
2018,October,6,20,10.585,10.205,Loss,Alert
2018,October,7,21,10.38,10.008,Loss,Alert
2018,October,8,17,10.352,10.126,Ok,Working
2018,October,9,20,10.307,10.02,Ok,Working
2018,October,10,30,10.335,10.248,Ok,Working
2018,October,11,32,10.517,10.025,Loss,Alert
2018,October,12,30,10.456,10.041,Loss,Alert
2018,October,13,23,10.587,10.028,Loss,Alert
2018,October,14,18,10.399,10.219,Ok,Working
2018,October,15,18,10.346,10.285,Ok,Working
2018,October,16,26,10.571,10.253,Ok,Working
2018,October,17,24,10.493,10.27,Ok,Working
2018,October,18,25,10.438,10.008,Loss,Alert
2018,October,19,20,10.577,10.06,Loss,Alert
2018,October,20,27,10.543,10.188,Loss,Alert
2018,October,21,33,10.468,10.265,Ok,Working
2018,October,22,28,10.598,10.284,Ok,Working
2018,October,23,19,10.42,10.024,Loss,Alert
2018,October,24,16,10.516,10.227,Ok,Working
2018,October,25,34,10.309,10.152,Ok,Working
2018,October,26,24,10.566,10.297,Ok,Working
2018,October,27,30,10.565,10.101,Loss,Alert
2018,October,28,24,10.389,10.052,Ok,Working
2018,October,29,33,10.591,10.293,Ok,Working
2018,October,30,23,10.546,10.21,Ok,Working
2018,October,31,21,10.505,10.058,Loss,Alert
2018,November,1,26,10.572,10.197,Loss,Alert
2018,November,2,24,10.348,10.198,Ok,Working
2018,November,3,28,10.567,10.191,Loss,Alert
2018,November,4,19,10.501,10.024,Loss,Alert
2018,November,5,31,10.42,10.029,Loss,Alert
2018,November,6,15,10.325,10.208,Ok,Working
2018,November,7,17,10.335,10.048,Ok,Working
2018,November,8,19,10.583,10.272,Ok,Working
2018,November,9,15,10.356,10.136,Ok,Working
2018,November,10,18,10.468,10.115,Loss,Alert
2018,November,11,30,10.362,10.165,Ok,Working
2018,November,12,34,10.57,10.259,Ok,Working
2018,November,13,32,10.424,10.109,Ok,Working
2018,November,14,24,10.416,10.002,Loss,Alert
2018,November,15,23,10.41,10.06,Loss,Alert
2018,November,16,17,10.306,10.293,Ok,Working
2018,November,17,32,10.5,10.079,Loss,Alert
2018,November,18,16,10.476,10.064,Loss,Alert
2018,November,19,25,10.553,10.262,Ok,Working
2018,November,20,17,10.524,10.206,Ok,Working
2018,November,21,20,10.444,10.075,Loss,Alert
2018,November,22,19,10.484,10.049,Loss,Alert
2018,November,23,25,10.594,10.093,Loss,Alert
2018,November,24,17,10.339,10.146,Ok,Working
2018,November,25,24,10.51,10.209,Ok,Working
2018,November,26,25,10.543,10.106,Loss,Alert
2018,November,27,28,10.537,10.042,Loss,Alert
2018,November,28,26,10.507,10.291,Ok,Working
2018,November,29,19,10.454,10.04,Loss,Alert
2018,November,30,24,10.334,10.138,Ok,Working
2018,December,1,16,10.551,10.138,Loss,Alert
2018,December,2,16,10.338,10.096,Ok,Working
2018,December,3,17,10.332,10.227,Ok,Working
2018,December,4,15,10.327,10.111,Ok,Working
2018,December,5,32,10.316,10.186,Ok,Working
2018,December,6,22,10.465,10.031,Loss,Alert
2018,December,7,18,10.403,10.076,Ok,Working
2018,December,8,33,10.309,10.193,Ok,Working
2018,December,9,15,10.477,10.106,Loss,Alert
2018,December,10,23,10.412,10.275,Ok,Working
2018,December,11,24,10.445,10.081,Loss,Alert
2018,December,12,22,10.482,10.181,Ok,Working
2018,December,13,34,10.343,10.19,Ok,Working
2018,December,14,19,10.593,10.112,Loss,Alert
2018,December,15,21,10.458,10.281,Ok,Working
2018,December,16,22,10.409,10.078,Ok,Working
2018,December,17,20,10.409,10.166,Ok,Working
2018,December,18,18,10.44,10.219,Ok,Working
2018,December,19,21,10.539,10.018,Loss,Alert
2018,December,20,18,10.433,10.049,Loss,Alert
2018,December,21,32,10.353,10.071,Ok,Working
2018,December,22,30,10.363,10.147,Ok,Working
2018,December,23,33,10.493,10.235,Ok,Working
2018,December,24,34,10.581,10.189,Loss,Alert
2018,December,25,15,10.41,10.293,Ok,Working
2018,December,26,27,10.443,10.003,Loss,Alert
2018,December,27,18,10.44,10.121,Ok,Working
2018,December,28,17,10.317,10.118,Ok,Working
2018,December,29,16,10.434,10.086,Ok,Working
2018,December,30,29,10.424,10.172,Ok,Working
2018,December,31,19,10.447,10.089,Loss,Alert
2019,January,1,27,10.39,10.283,Ok,Working
2019,January,2,20,10.443,10.042,Loss,Alert
2019,January,3,31,10.447,10.188,Ok,Working
2019,January,4,17,10.308,10.108,Ok,Working
2019,January,5,20,10.341,10.102,Ok,Working
2019,January,6,31,10.317,10.104,Ok,Working
2019,January,7,15,10.564,10.02,Loss,Alert
2019,January,8,28,10.558,10.07,Loss,Alert
2019,January,9,29,10.315,10.146,Ok,Working
2019,January,10,21,10.509,10.235,Ok,Working
2019,January,11,25,10.527,10.102,Loss,Alert
2019,January,12,23,10.547,10.021,Loss,Alert
2019,January,13,23,10.405,10.192,Ok,Working
2019,January,14,21,10.528,10.042,Loss,Alert
2019,January,15,20,10.403,10.096,Ok,Working
2019,January,16,31,10.359,10.208,Ok,Working
2019,January,17,34,10.535,10.194,Ok,Working
2019,January,18,26,10.571,10.245,Ok,Working
2019,January,19,25,10.586,10.019,Loss,Alert
2019,January,20,25,10.554,10.139,Loss,Alert
2019,January,21,34,10.572,10.158,Loss,Alert
2019,January,22,25,10.394,10.139,Ok,Working
2019,January,23,34,10.436,10.187,Ok,Working
2019,January,24,23,10.358,10.065,Ok,Working
2019,January,25,24,10.38,10.107,Ok,Working
2019,January,26,30,10.49,10.104,Loss,Alert
2019,January,27,23,10.538,10.265,Ok,Working
2019,January,28,22,10.564,10.1,Loss,Alert
2019,January,29,34,10.4,10.014,Loss,Alert
2019,January,30,28,10.454,10.19,Ok,Working
2019,January,31,26,10.323,10.014,Ok,Working
2019,February,1,28,10.424,10.255,Ok,Working
2019,February,2,34,10.358,10.091,Ok,Working
2019,February,3,33,10.566,10.246,Ok,Working
2019,February,4,20,10.387,10.122,Ok,Working
2019,February,5,28,10.366,10.116,Ok,Working
2019,February,6,21,10.442,10.026,Loss,Alert
2019,February,7,26,10.46,10.027,Loss,Alert
2019,February,8,25,10.419,10.004,Loss,Alert
2019,February,9,19,10.574,10.011,Loss,Alert
2019,February,10,31,10.494,10.166,Ok,Working
2019,February,11,23,10.423,10.133,Ok,Working
2019,February,12,19,10.551,10.197,Loss,Alert
2019,February,13,31,10.555,10.259,Ok,Working
2019,February,14,27,10.424,10.166,Ok,Working
2019,February,15,26,10.554,10.144,Loss,Alert
2019,February,16,28,10.411,10.065,Ok,Working
2019,February,17,27,10.497,10.206,Ok,Working
2019,February,18,28,10.45,10.166,Ok,Working
2019,February,19,17,10.394,10.238,Ok,Working
2019,February,20,19,10.516,10.036,Loss,Alert
2019,February,21,34,10.403,10.166,Ok,Working
2019,February,22,19,10.408,10.244,Ok,Working
2019,February,23,32,10.302,10.02,Ok,Working
2019,February,24,25,10.406,10.199,Ok,Working
2019,February,25,28,10.415,10.228,Ok,Working
2019,February,26,22,10.434,10.22,Ok,Working
2019,February,27,33,10.487,10.225,Ok,Working
2019,February,28,15,10.342,10.076,Ok,Working
2019,March,1,24,10.451,10.019,Loss,Alert
2019,March,2,24,10.341,10.027,Ok,Working
2019,March,3,21,10.385,10.082,Ok,Working
2019,March,4,24,10.328,10.185,Ok,Working
2019,March,5,34,10.309,10.039,Ok,Working
2019,March,6,33,10.524,10.132,Loss,Alert
2019,March,7,19,10.433,10.226,Ok,Working
2019,March,8,16,10.56,10.063,Loss,Alert
2019,March,9,17,10.54,10.192,Ok,Working
2019,March,10,30,10.356,10.047,Ok,Working
2019,March,11,15,10.304,10.14,Ok,Working
2019,March,12,29,10.528,10.185,Ok,Working
2019,March,13,27,10.54,10.263,Ok,Working
2019,March,14,19,10.447,10.129,Ok,Working
2019,March,15,32,10.467,10.059,Loss,Alert
2019,March,16,27,10.467,10.254,Ok,Working
2019,March,17,25,10.504,10.203,Ok,Working
2019,March,18,21,10.456,10.006,Loss,Alert
2019,March,19,23,10.503,10.158,Ok,Working
2019,March,20,32,10.538,10.237,Ok,Working
2019,March,21,27,10.501,10.029,Loss,Alert
2019,March,22,16,10.394,10.172,Ok,Working
2019,March,23,23,10.486,10.203,Ok,Working
2019,March,24,21,10.322,10.113,Ok,Working
2019,March,25,27,10.364,10.181,Ok,Working
2019,March,26,31,10.539,10.269,Ok,Working
2019,March,27,20,10.535,10.203,Ok,Working
2019,March,28,22,10.339,10.033,Ok,Working
2019,March,29,21,10.334,10.192,Ok,Working
2019,March,30,21,10.563,10.089,Loss,Alert
2019,March,31,26,10.367,10.031,Ok,Working
2019,April,1,28,10.349,10.258,Ok,Working
2019,April,2,26,10.488,10.072,Loss,Alert
2019,April,3,16,10.315,10.136,Ok,Working
2019,April,4,18,10.557,10.178,Loss,Alert
2019,April,5,21,10.451,10.043,Loss,Alert
2019,April,6,21,10.3,10.281,Ok,Working
2019,April,7,35,10.527,10.125,Loss,Alert
2019,April,8,32,10.539,10.141,Loss,Alert
2019,April,9,22,10.466,10.291,Ok,Working
2019,April,10,32,10.553,10.117,Loss,Alert
2019,April,11,18,10.409,10.232,Ok,Working
2019,April,12,21,10.329,10.037,Ok,Working
2019,April,13,18,10.522,10.016,Loss,Alert
2019,April,14,28,10.582,10.015,Loss,Alert
2019,April,15,20,10.385,10.01,Loss,Alert
2019,April,16,30,10.538,10.117,Loss,Alert
2019,April,17,26,10.39,10.222,Ok,Working
2019,April,18,17,10.444,10.208,Ok,Working
2019,April,19,31,10.527,10.12,Loss,Alert
2019,April,20,21,10.494,10.187,Ok,Working
2019,April,21,19,10.566,10.183,Loss,Alert
2019,April,22,24,10.38,10.013,Loss,Alert
2019,April,23,22,10.488,10.225,Ok,Working
2019,April,24,24,10.49,10.092,Loss,Alert
2019,April,25,19,10.555,10.255,Ok,Working
2019,April,26,28,10.549,10.299,Ok,Working
2019,April,27,26,10.327,10.266,Ok,Working
2019,April,28,26,10.508,10.103,Loss,Alert
2019,April,29,28,10.512,10.29,Ok,Working
2019,April,30,17,10.445,10.078,Loss,Alert
2019,May,1,31,10.464,10.121,Ok,Working
2019,May,2,29,10.536,10.07,Loss,Alert
2019,May,3,33,10.304,10.211,Ok,Working
2019,May,4,27,10.565,10.028,Loss,Alert
2019,May,5,30,10.475,10.085,Loss,Alert
2019,May,6,26,10.574,10.028,Loss,Alert
2019,May,7,34,10.361,10.125,Ok,Working
2019,May,8,27,10.417,10.229,Ok,Working
2019,May,9,19,10.551,10.142,Loss,Alert
2019,May,10,22,10.572,10.159,Loss,Alert
2019,May,11,31,10.588,10.202,Loss,Alert
2019,May,12,28,10.381,10.008,Loss,Alert
2019,May,13,15,10.449,10.242,Ok,Working
2019,May,14,28,10.565,10.244,Ok,Working
2019,May,15,33,10.542,10.265,Ok,Working
2019,May,16,20,10.535,10.27,Ok,Working
2019,May,17,27,10.303,10.128,Ok,Working
2019,May,18,35,10.3,10.006,Ok,Working
2019,May,19,29,10.424,10.141,Ok,Working
2019,May,20,26,10.432,10.061,Loss,Alert
2019,May,21,29,10.593,10.112,Loss,Alert
2019,May,22,35,10.313,10.15,Ok,Working
2019,May,23,19,10.513,10.205,Ok,Working
2019,May,24,16,10.393,10.026,Loss,Alert
2019,May,25,17,10.405,10.228,Ok,Working
2019,May,26,29,10.366,10.199,Ok,Working
2019,May,27,29,10.388,10.058,Ok,Working
2019,May,28,27,10.426,10.181,Ok,Working
2019,May,29,24,10.509,10.209,Ok,Working
2019,May,30,24,10.359,10.061,Ok,Working
2019,May,31,32,10.376,10.188,Ok,Working
2019,June,1,35,10.584,10.159,Loss,Alert
2019,June,2,20,10.511,10.227,Ok,Working
2019,June,3,24,10.395,10.17,Ok,Working
2019,June,4,28,10.522,10.285,Ok,Working
2019,June,5,35,10.364,10.217,Ok,Working
2019,June,6,22,10.423,10.015,Loss,Alert
2019,June,7,27,10.4,10.149,Ok,Working
2019,June,8,23,10.424,10.164,Ok,Working
2019,June,9,35,10.467,10.137,Ok,Working
2019,June,10,35,10.597,10.125,Loss,Alert
2019,June,11,31,10.52,10.287,Ok,Working
2019,June,12,15,10.44,10.139,Ok,Working
2019,June,13,15,10.353,10.273,Ok,Working
2019,June,14,30,10.547,10.098,Loss,Alert
2019,June,15,19,10.471,10.247,Ok,Working
2019,June,16,21,10.335,10.156,Ok,Working
2019,June,17,21,10.385,10.039,Ok,Working
2019,June,18,31,10.39,10.128,Ok,Working
2019,June,19,23,10.483,10.055,Loss,Alert
2019,June,20,31,10.47,10.077,Loss,Alert
2019,June,21,18,10.493,10.192,Ok,Working
2019,June,22,23,10.402,10.283,Ok,Working
2019,June,23,23,10.42,10.269,Ok,Working
2019,June,24,35,10.554,10.114,Loss,Alert
2019,June,25,29,10.579,10.034,Loss,Alert
2019,June,26,22,10.568,10.272,Ok,Working
2019,June,27,31,10.574,10.223,Loss,Alert
2019,June,28,27,10.453,10.003,Loss,Alert
2019,June,29,27,10.444,10.161,Ok,Working
2019,June,30,30,10.505,10.236,Ok,Working
2019,July,1,27,10.523,10.063,Loss,Alert
2019,July,2,30,10.37,10.082,Ok,Working
2019,July,3,35,10.516,10.033,Loss,Alert
2019,July,4,35,10.599,10.103,Loss,Alert
2019,July,5,24,10.304,10.278,Ok,Working
2019,July,6,31,10.448,10.235,Ok,Working
2019,July,7,21,10.358,10.097,Ok,Working
2019,July,8,21,10.448,10.022,Loss,Alert
2019,July,9,19,10.452,10.255,Ok,Working
2019,July,10,30,10.587,10.008,Loss,Alert
2019,July,11,26,10.473,10.053,Loss,Alert
2019,July,12,32,10.486,10.035,Loss,Alert
2019,July,13,26,10.413,10.021,Loss,Alert
2019,July,14,15,10.472,10.14,Ok,Working
2019,July,15,16,10.311,10.252,Ok,Working
2019,July,16,18,10.322,10.013,Ok,Working
2019,July,17,17,10.498,10.176,Ok,Working
2019,July,18,35,10.565,10.211,Loss,Alert
2019,July,19,23,10.398,10.226,Ok,Working
2019,July,20,21,10.52,10.103,Loss,Alert
2019,July,21,15,10.359,10.193,Ok,Working
2019,July,22,28,10.456,10.286,Ok,Working
2019,July,23,23,10.53,10.25,Ok,Working
2019,July,24,19,10.542,10.196,Ok,Working
2019,July,25,33,10.542,10.298,Ok,Working
2019,July,26,23,10.52,10.161,Loss,Alert
2019,July,27,17,10.503,10.258,Ok,Working
2019,July,28,25,10.374,10.292,Ok,Working
2019,July,29,23,10.555,10.265,Ok,Working
2019,July,30,27,10.316,10.041,Ok,Working
2019,July,31,35,10.6,10.013,Loss,Alert
2019,August,1,23,10.419,10.12,Ok,Working
2019,August,2,18,10.375,10.223,Ok,Working
2019,August,3,32,10.395,10.174,Ok,Working
2019,August,4,23,10.405,10.069,Ok,Working
2019,August,5,16,10.346,10.189,Ok,Working
2019,August,6,16,10.491,10.08,Loss,Alert
2019,August,7,24,10.533,10.292,Ok,Working
2019,August,8,25,10.334,10.289,Ok,Working
2019,August,9,24,10.591,10.118,Loss,Alert
2019,August,10,19,10.371,10.032,Ok,Working
2019,August,11,21,10.524,10.17,Loss,Alert
2019,August,12,32,10.591,10.152,Loss,Alert
2019,August,13,26,10.407,10.104,Ok,Working
2019,August,14,34,10.461,10.218,Ok,Working
2019,August,15,27,10.302,10.117,Ok,Working
2019,August,16,17,10.331,10.292,Ok,Working
2019,August,17,33,10.386,10.022,Loss,Alert
2019,August,18,21,10.575,10.168,Loss,Alert
2019,August,19,23,10.401,10.22,Ok,Working
2019,August,20,16,10.386,10.263,Ok,Working
2019,August,21,24,10.462,10.299,Ok,Working
2019,August,22,24,10.37,10.225,Ok,Working
2019,August,23,23,10.308,10.205,Ok,Working
2019,August,24,19,10.501,10.223,Ok,Working
2019,August,25,15,10.468,10.139,Ok,Working
2019,August,26,19,10.422,10.056,Loss,Alert
2019,August,27,27,10.516,10.225,Ok,Working
2019,August,28,16,10.441,10.236,Ok,Working
2019,August,29,19,10.437,10.16,Ok,Working
2019,August,30,15,10.497,10.289,Ok,Working
2019,August,31,16,10.389,10.034,Loss,Alert
2019,September,1,34,10.356,10.293,Ok,Working
2019,September,2,25,10.371,10.185,Ok,Working
2019,September,3,22,10.313,10.271,Ok,Working
2019,September,4,16,10.475,10.213,Ok,Working
2019,September,5,28,10.399,10.147,Ok,Working
2019,September,6,21,10.405,10.22,Ok,Working
2019,September,7,34,10.497,10.149,Ok,Working
2019,September,8,18,10.473,10.247,Ok,Working
2019,September,9,33,10.588,10.118,Loss,Alert
2019,September,10,32,10.476,10.066,Loss,Alert
2019,September,11,17,10.443,10.1,Ok,Working
2019,September,12,26,10.418,10.041,Loss,Alert
2019,September,13,35,10.331,10.291,Ok,Working
2019,September,14,19,10.322,10.172,Ok,Working
2019,September,15,24,10.311,10.262,Ok,Working
2019,September,16,31,10.369,10.075,Ok,Working
2019,September,17,32,10.446,10.238,Ok,Working
2019,September,18,35,10.31,10.253,Ok,Working
2019,September,19,29,10.404,10.105,Ok,Working
2019,September,20,28,10.371,10.095,Ok,Working
2019,September,21,24,10.417,10.214,Ok,Working
2019,September,22,33,10.341,10.085,Ok,Working
2019,September,23,18,10.341,10.288,Ok,Working
2019,September,24,29,10.425,10.07,Loss,Alert
2019,September,25,18,10.477,10.031,Loss,Alert
2019,September,26,16,10.428,10.274,Ok,Working
2019,September,27,32,10.312,10.226,Ok,Working
2019,September,28,26,10.454,10.205,Ok,Working
2019,September,29,32,10.571,10.16,Loss,Alert
2019,September,30,20,10.413,10.143,Ok,Working
2019,October,1,32,10.376,10.299,Ok,Working
2019,October,2,15,10.447,10.215,Ok,Working
2019,October,3,25,10.57,10.209,Loss,Alert
2019,October,4,27,10.353,10.179,Ok,Working
2019,October,5,31,10.545,10.011,Loss,Alert
2019,October,6,22,10.544,10.243,Ok,Working
2019,October,7,15,10.386,10.19,Ok,Working
2019,October,8,21,10.321,10.034,Ok,Working
2019,October,9,20,10.314,10.214,Ok,Working
2019,October,10,19,10.574,10.151,Loss,Alert
2019,October,11,34,10.36,10.056,Ok,Working
2019,October,12,28,10.438,10.172,Ok,Working
2019,October,13,34,10.404,10.271,Ok,Working
2019,October,14,17,10.557,10.009,Loss,Alert
2019,October,15,17,10.532,10.153,Loss,Alert
2019,October,16,16,10.421,10.14,Ok,Working
2019,October,17,15,10.41,10.213,Ok,Working
2019,October,18,31,10.586,10.034,Loss,Alert
2019,October,19,26,10.436,10.115,Ok,Working
2019,October,20,31,10.444,10.155,Ok,Working
2019,October,21,31,10.352,10.256,Ok,Working
2019,October,22,17,10.402,10.287,Ok,Working
2019,October,23,23,10.357,10.169,Ok,Working
2019,October,24,25,10.468,10.077,Loss,Alert
2019,October,25,29,10.389,10.244,Ok,Working
2019,October,26,29,10.442,10.193,Ok,Working
2019,October,27,18,10.376,10.138,Ok,Working
2019,October,28,21,10.402,10.156,Ok,Working
2019,October,29,23,10.568,10.154,Loss,Alert
2019,October,30,35,10.31,10.111,Ok,Working
2019,October,31,15,10.588,10.039,Loss,Alert
2019,November,1,35,10.556,10.21,Ok,Working
2019,November,2,24,10.56,10.036,Loss,Alert
2019,November,3,29,10.523,10.129,Loss,Alert
2019,November,4,24,10.513,10.005,Loss,Alert
2019,November,5,29,10.598,10.216,Loss,Alert
2019,November,6,27,10.5,10.242,Ok,Working
2019,November,7,18,10.402,10.062,Ok,Working
2019,November,8,35,10.486,10.023,Loss,Alert
2019,November,9,21,10.379,10.084,Ok,Working
2019,November,10,22,10.353,10.163,Ok,Working
2019,November,11,29,10.432,10.239,Ok,Working
2019,November,12,18,10.384,10.064,Ok,Working
2019,November,13,23,10.334,10.182,Ok,Working
2019,November,14,32,10.346,10.204,Ok,Working
2019,November,15,34,10.493,10.072,Loss,Alert
2019,November,16,31,10.507,10.212,Ok,Working
2019,November,17,17,10.43,10.053,Loss,Alert
2019,November,18,33,10.6,10.184,Loss,Alert
2019,November,19,16,10.41,10.141,Ok,Working
2019,November,20,20,10.307,10.188,Ok,Working
2019,November,21,31,10.41,10.24,Ok,Working
2019,November,22,19,10.408,10.245,Ok,Working
2019,November,23,15,10.358,10.237,Ok,Working
2019,November,24,26,10.455,10.117,Ok,Working
2019,November,25,17,10.547,10.025,Loss,Alert
2019,November,26,30,10.368,10.181,Ok,Working
2019,November,27,22,10.467,10.238,Ok,Working
2019,November,28,34,10.384,10.286,Ok,Working
2019,November,29,19,10.533,10.08,Loss,Alert
2019,November,30,19,10.367,10.055,Ok,Working
2019,December,1,23,10.324,10.131,Ok,Working
2019,December,2,15,10.329,10.263,Ok,Working
2019,December,3,28,10.443,10.154,Ok,Working
2019,December,4,27,10.504,10.07,Loss,Alert
2019,December,5,34,10.394,10.22,Ok,Working
2019,December,6,15,10.321,10.186,Ok,Working
2019,December,7,27,10.383,10.071,Ok,Working
2019,December,8,30,10.321,10.197,Ok,Working
2019,December,9,18,10.426,10.054,Loss,Alert
2019,December,10,19,10.52,10.23,Ok,Working
2019,December,11,19,10.452,10.019,Loss,Alert
2019,December,12,19,10.414,10.048,Loss,Alert
2019,December,13,35,10.493,10.176,Ok,Working
2019,December,14,15,10.428,10.014,Loss,Alert
2019,December,15,30,10.446,10.151,Ok,Working
2019,December,16,18,10.567,10.149,Loss,Alert
2019,December,17,32,10.362,10.219,Ok,Working
2019,December,18,22,10.312,10.257,Ok,Working
2019,December,19,21,10.408,10.225,Ok,Working
2019,December,20,35,10.346,10.05,Ok,Working
2019,December,21,22,10.543,10.205,Ok,Working
2019,December,22,29,10.359,10.132,Ok,Working
2019,December,23,30,10.497,10.122,Loss,Alert
2019,December,24,23,10.516,10.01,Loss,Alert
2019,December,25,15,10.563,10.275,Ok,Working
2019,December,26,15,10.494,10.142,Loss,Alert
2019,December,27,16,10.568,10.122,Loss,Alert
2019,December,28,20,10.466,10.005,Loss,Alert
2019,December,29,33,10.337,10.112,Ok,Working
2019,December,30,21,10.492,10.079,Loss,Alert
2019,December,31,33,10.401,10.144,Ok,Working
2020,January,1,32,10.493,10.027,Loss,Alert
2020,January,2,34,10.326,10.15,Ok,Working
2020,January,3,32,10.411,10.274,Ok,Working
2020,January,4,19,10.34,10.159,Ok,Working
2020,January,5,19,10.466,10.237,Ok,Working
2020,January,6,21,10.403,10.093,Ok,Working
2020,January,7,26,10.324,10.01,Ok,Working
2020,January,8,34,10.449,10.271,Ok,Working
2020,January,9,21,10.348,10.289,Ok,Working
2020,January,10,28,10.49,10.014,Loss,Alert
2020,January,11,33,10.459,10.284,Ok,Working
2020,January,12,18,10.315,10.108,Ok,Working
2020,January,13,16,10.599,10.002,Loss,Alert
2020,January,14,33,10.467,10.012,Loss,Alert
2020,January,15,31,10.397,10.147,Ok,Working
2020,January,16,32,10.432,10.157,Ok,Working
2020,January,17,35,10.484,10.122,Loss,Alert
2020,January,18,24,10.437,10.067,Loss,Alert
2020,January,19,16,10.435,10.138,Ok,Working
2020,January,20,32,10.599,10.005,Loss,Alert
2020,January,21,35,10.45,10.044,Loss,Alert
2020,January,22,26,10.378,10.01,Loss,Alert
2020,January,23,32,10.57,10.048,Loss,Alert
2020,January,24,28,10.391,10.183,Ok,Working
2020,January,25,32,10.42,10.092,Ok,Working
2020,January,26,19,10.468,10.168,Ok,Working
2020,January,27,22,10.528,10.114,Loss,Alert
2020,January,28,23,10.598,10.041,Loss,Alert
2020,January,29,19,10.543,10.069,Loss,Alert
2020,January,30,24,10.562,10.145,Loss,Alert
2020,January,31,22,10.399,10.191,Ok,Working
2020,February,1,21,10.597,10.142,Loss,Alert
2020,February,2,15,10.334,10.061,Ok,Working
2020,February,3,17,10.35,10.241,Ok,Working
2020,February,4,30,10.436,10.227,Ok,Working
2020,February,5,22,10.552,10.204,Ok,Working
2020,February,6,24,10.412,10.04,Loss,Alert
2020,February,7,28,10.55,10.14,Loss,Alert
2020,February,8,19,10.453,10.171,Ok,Working
2020,February,9,29,10.516,10.274,Ok,Working
2020,February,10,35,10.347,10.269,Ok,Working
2020,February,11,27,10.37,10.27,Ok,Working
2020,February,12,18,10.496,10.275,Ok,Working
2020,February,13,16,10.379,10.075,Ok,Working
2020,February,14,21,10.505,10.269,Ok,Working
2020,February,15,26,10.334,10.168,Ok,Working
2020,February,16,19,10.543,10.28,Ok,Working
2020,February,17,33,10.513,10.2,Ok,Working
2020,February,18,27,10.455,10.1,Loss,Alert
2020,February,19,31,10.541,10.153,Loss,Alert
2020,February,20,25,10.513,10.152,Loss,Alert
2020,February,21,31,10.527,10.067,Loss,Alert
2020,February,22,25,10.584,10.174,Loss,Alert
2020,February,23,17,10.39,10.184,Ok,Working
2020,February,24,33,10.409,10.061,Ok,Working
2020,February,25,26,10.428,10.145,Ok,Working
2020,February,26,32,10.307,10.203,Ok,Working
2020,February,27,28,10.451,10.051,Loss,Alert
2020,February,28,31,10.486,10.232,Ok,Working
2020,March,1,29,10.416,10.082,Ok,Working
2020,March,2,33,10.475,10.183,Ok,Working
2020,March,3,19,10.447,10.04,Loss,Alert
2020,March,4,25,10.564,10.005,Loss,Alert
2020,March,5,17,10.476,10.038,Loss,Alert
2020,March,6,24,10.411,10.134,Ok,Working
2020,March,7,19,10.515,10.032,Loss,Alert
2020,March,8,24,10.53,10.147,Loss,Alert
2020,March,9,23,10.596,10.021,Loss,Alert
2020,March,10,24,10.485,10.248,Ok,Working
2020,March,11,33,10.584,10.146,Loss,Alert
2020,March,12,34,10.302,10.126,Ok,Working
2020,March,13,25,10.564,10.074,Loss,Alert
2020,March,14,30,10.347,10.117,Ok,Working
2020,March,15,16,10.479,10.166,Ok,Working
2020,March,16,33,10.493,10.054,Loss,Alert
2020,March,17,19,10.481,10.033,Loss,Alert
2020,March,18,33,10.494,10.122,Loss,Alert
2020,March,19,33,10.582,10.038,Loss,Alert
2020,March,20,23,10.421,10.033,Loss,Alert
2020,March,21,15,10.434,10.246,Ok,Working
2020,March,22,25,10.591,10.214,Loss,Alert
2020,March,23,30,10.485,10.295,Ok,Working
2020,March,24,34,10.458,10.073,Loss,Alert
2020,March,25,18,10.538,10.157,Loss,Alert
2020,March,26,25,10.353,10.139,Ok,Working
2020,March,27,20,10.314,10.268,Ok,Working
2020,March,28,27,10.422,10.158,Ok,Working
2020,March,29,22,10.358,10.028,Ok,Working
2020,March,30,18,10.595,10.202,Loss,Alert
2020,March,31,27,10.452,10.211,Ok,Working
2020,April,1,15,10.515,10.165,Loss,Alert
2020,April,2,27,10.429,10.265,Ok,Working
2020,April,3,19,10.554,10.177,Loss,Alert
2020,April,4,23,10.538,10.246,Ok,Working
2020,April,5,30,10.459,10.232,Ok,Working
2020,April,6,25,10.376,10.07,Ok,Working
2020,April,7,28,10.375,10.195,Ok,Working
2020,April,8,29,10.332,10.142,Ok,Working
2020,April,9,25,10.597,10.048,Loss,Alert
2020,April,10,25,10.472,10.215,Ok,Working
2020,April,11,23,10.357,10.146,Ok,Working
2020,April,12,20,10.534,10.231,Ok,Working
2020,April,13,28,10.451,10.237,Ok,Working
2020,April,14,32,10.566,10.083,Loss,Alert
2020,April,15,18,10.35,10.032,Ok,Working
2020,April,16,26,10.369,10.299,Ok,Working
2020,April,17,28,10.471,10.246,Ok,Working
2020,April,18,34,10.57,10.287,Ok,Working
2020,April,19,17,10.401,10.017,Loss,Alert
2020,April,20,18,10.371,10.035,Ok,Working
2020,April,21,21,10.468,10.157,Ok,Working
2020,April,22,33,10.319,10.03,Ok,Working
2020,April,23,21,10.495,10.048,Loss,Alert
2020,April,24,28,10.423,10.249,Ok,Working
2020,April,25,35,10.497,10.192,Ok,Working
2020,April,26,19,10.521,10.039,Loss,Alert
2020,April,27,24,10.537,10.263,Ok,Working
2020,April,28,30,10.443,10.229,Ok,Working
2020,April,29,24,10.531,10.113,Loss,Alert
2020,April,30,28,10.575,10.001,Loss,Alert
2020,May,1,24,10.388,10.098,Ok,Working
2020,May,2,25,10.535,10.287,Ok,Working
2020,May,3,24,10.316,10.234,Ok,Working
2020,May,4,35,10.435,10.155,Ok,Working
2020,May,5,25,10.431,10.105,Ok,Working
2020,May,6,27,10.462,10.203,Ok,Working
2020,May,7,29,10.323,10.253,Ok,Working
2020,May,8,18,10.566,10.192,Loss,Alert
2020,May,9,30,10.384,10.251,Ok,Working
2020,May,10,25,10.403,10.148,Ok,Working
2020,May,11,24,10.411,10.233,Ok,Working
2020,May,12,15,10.428,10.052,Loss,Alert
2020,May,13,35,10.574,10.115,Loss,Alert
2020,May,14,17,10.457,10.08,Loss,Alert
2020,May,15,16,10.31,10.237,Ok,Working
2020,May,16,23,10.345,10.059,Ok,Working
2020,May,17,24,10.365,10.073,Ok,Working
2020,May,18,31,10.304,10.14,Ok,Working
2020,May,19,16,10.366,10.153,Ok,Working
2020,May,20,34,10.487,10.232,Ok,Working
2020,May,21,20,10.386,10.251,Ok,Working
2020,May,22,27,10.514,10.015,Loss,Alert
2020,May,23,35,10.394,10.254,Ok,Working
2020,May,24,19,10.329,10.163,Ok,Working
2020,May,25,21,10.574,10.085,Loss,Alert
2020,May,26,35,10.598,10.061,Loss,Alert
2020,May,27,20,10.319,10.119,Ok,Working
2020,May,28,33,10.38,10.248,Ok,Working
2020,May,29,32,10.465,10.267,Ok,Working
2020,May,30,20,10.43,10.063,Loss,Alert
2020,May,31,30,10.364,10.043,Ok,Working
2020,June,1,17,10.6,10.137,Loss,Alert
2020,June,2,20,10.433,10.182,Ok,Working
2020,June,3,27,10.577,10.165,Loss,Alert
2020,June,4,15,10.415,10.185,Ok,Working
2020,June,5,19,10.551,10.257,Ok,Working
2020,June,6,29,10.402,10.289,Ok,Working
2020,June,7,32,10.446,10.153,Ok,Working
2020,June,8,31,10.363,10.096,Ok,Working
2020,June,9,27,10.354,10.109,Ok,Working
2020,June,10,25,10.311,10.284,Ok,Working
2020,June,11,25,10.316,10.079,Ok,Working
2020,June,12,20,10.467,10.076,Loss,Alert
2020,June,13,35,10.527,10.047,Loss,Alert
2020,June,14,30,10.366,10.006,Loss,Alert
2020,June,15,24,10.532,10.299,Ok,Working
2020,June,16,33,10.434,10.218,Ok,Working
2020,June,17,27,10.437,10.066,Loss,Alert
2020,June,18,16,10.411,10.274,Ok,Working
2020,June,19,24,10.59,10.015,Loss,Alert
2020,June,20,16,10.59,10.288,Ok,Working
2020,June,21,33,10.336,10.229,Ok,Working
2020,June,22,19,10.497,10.176,Ok,Working
2020,June,23,27,10.384,10.094,Ok,Working
2020,June,24,32,10.554,10.188,Loss,Alert
2020,June,25,31,10.326,10.06,Ok,Working
2020,June,26,35,10.407,10.17,Ok,Working
2020,June,27,30,10.324,10.104,Ok,Working
2020,June,28,26,10.559,10.03,Loss,Alert
2020,June,29,33,10.513,10.172,Ok,Working
2020,June,30,32,10.308,10.289,Ok,Working
2020,July,1,31,10.426,10.029,Loss,Alert
2020,July,2,31,10.596,10.282,Ok,Working
2020,July,3,27,10.351,10.093,Ok,Working
2020,July,4,23,10.424,10.084,Ok,Working
2020,July,5,34,10.576,10.254,Ok,Working
2020,July,6,25,10.401,10.029,Loss,Alert
2020,July,7,17,10.567,10.241,Ok,Working
2020,July,8,20,10.505,10.071,Loss,Alert
2020,July,9,24,10.55,10.047,Loss,Alert
2020,July,10,23,10.423,10.053,Loss,Alert
2020,July,11,30,10.319,10.172,Ok,Working
2020,July,12,24,10.42,10.271,Ok,Working
2020,July,13,19,10.534,10.215,Ok,Working
2020,July,14,17,10.376,10.194,Ok,Working
2020,July,15,21,10.332,10.078,Ok,Working
2020,July,16,31,10.388,10.057,Ok,Working
2020,July,17,24,10.573,10.087,Loss,Alert
2020,July,18,16,10.382,10.131,Ok,Working
2020,July,19,20,10.527,10.274,Ok,Working
2020,July,20,27,10.49,10.155,Ok,Working
2020,July,21,29,10.497,10.238,Ok,Working
2020,July,22,29,10.511,10.106,Loss,Alert
2020,July,23,35,10.527,10.206,Ok,Working
2020,July,24,35,10.464,10.258,Ok,Working
2020,July,25,16,10.493,10.278,Ok,Working
2020,July,26,19,10.421,10.071,Loss,Alert
2020,July,27,27,10.352,10.254,Ok,Working
2020,July,28,28,10.337,10.056,Ok,Working
2020,July,29,28,10.534,10.231,Ok,Working
2020,July,30,24,10.362,10.107,Ok,Working
2020,July,31,25,10.501,10.167,Ok,Working
2020,August,1,17,10.46,10.261,Ok,Working
2020,August,2,28,10.386,10.27,Ok,Working
2020,August,3,35,10.378,10.175,Ok,Working
2020,August,4,17,10.58,10.186,Loss,Alert
2020,August,5,26,10.559,10.086,Loss,Alert
2020,August,6,35,10.576,10.024,Loss,Alert
2020,August,7,25,10.436,10.249,Ok,Working
2020,August,8,17,10.581,10.042,Loss,Alert
2020,August,9,26,10.533,10.18,Loss,Alert
2020,August,10,24,10.452,10.245,Ok,Working
2020,August,11,25,10.504,10.171,Ok,Working
2020,August,12,32,10.57,10.014,Loss,Alert
2020,August,13,21,10.422,10.062,Loss,Alert
2020,August,14,19,10.581,10.272,Ok,Working
2020,August,15,35,10.359,10.226,Ok,Working
2020,August,16,22,10.409,10.145,Ok,Working
2020,August,17,23,10.375,10.102,Ok,Working
2020,August,18,18,10.44,10.284,Ok,Working
2020,August,19,31,10.539,10.06,Loss,Alert
2020,August,20,18,10.41,10.283,Ok,Working
2020,August,21,31,10.592,10.251,Ok,Working
2020,August,22,18,10.492,10.213,Ok,Working
2020,August,23,18,10.447,10.116,Ok,Working
2020,August,24,33,10.417,10.129,Ok,Working
2020,August,25,25,10.58,10.081,Loss,Alert
2020,August,26,35,10.493,10.194,Ok,Working
2020,August,27,30,10.312,10.279,Ok,Working
2020,August,28,24,10.503,10.036,Loss,Alert
2020,August,29,28,10.533,10.097,Loss,Alert
2020,August,30,35,10.522,10.171,Loss,Alert
2020,August,31,34,10.422,10.08,Ok,Working
2020,September,1,23,10.388,10.237,Ok,Working
2020,September,2,21,10.34,10.191,Ok,Working
2020,September,3,28,10.397,10.288,Ok,Working
2020,September,4,25,10.569,10.111,Loss,Alert
2020,September,5,29,10.568,10.054,Loss,Alert
2020,September,6,19,10.502,10.064,Loss,Alert
2020,September,7,33,10.444,10.258,Ok,Working
2020,September,8,30,10.488,10.136,Loss,Alert
2020,September,9,19,10.374,10.108,Ok,Working
2020,September,10,29,10.386,10.046,Ok,Working
2020,September,11,24,10.552,10.134,Loss,Alert
2020,September,12,32,10.589,10.293,Ok,Working
2020,September,13,30,10.383,10.221,Ok,Working
2020,September,14,26,10.471,10.114,Loss,Alert
2020,September,15,18,10.397,10.119,Ok,Working
2020,September,16,25,10.382,10.266,Ok,Working
2020,September,17,35,10.316,10.171,Ok,Working
2020,September,18,24,10.509,10.244,Ok,Working
2020,September,19,18,10.428,10.24,Ok,Working
2020,September,20,26,10.424,10.217,Ok,Working
2020,September,21,22,10.399,10.074,Ok,Working
2020,September,22,21,10.336,10.204,Ok,Working
2020,September,23,31,10.563,10.191,Loss,Alert
2020,September,24,25,10.542,10.249,Ok,Working
2020,September,25,16,10.478,10.205,Ok,Working
2020,September,26,30,10.529,10.034,Loss,Alert
2020,September,27,34,10.572,10.097,Loss,Alert
2020,September,28,34,10.378,10.059,Ok,Working
2020,September,29,34,10.41,10.277,Ok,Working
2020,September,30,27,10.55,10.123,Loss,Alert
2020,October,1,25,10.6,10.025,Loss,Alert
2020,October,2,26,10.383,10.284,Ok,Working
2020,October,3,19,10.52,10.124,Loss,Alert
2020,October,4,23,10.497,10.08,Loss,Alert
2020,October,5,29,10.358,10.023,Ok,Working
2020,October,6,30,10.477,10.095,Loss,Alert
2020,October,7,33,10.6,10.018,Loss,Alert
2020,October,8,29,10.545,10.215,Ok,Working
2020,October,9,26,10.431,10.231,Ok,Working
2020,October,10,20,10.589,10.045,Loss,Alert
2020,October,11,27,10.576,10.019,Loss,Alert
2020,October,12,22,10.357,10.224,Ok,Working
2020,October,13,19,10.536,10.175,Loss,Alert
2020,October,14,25,10.436,10.172,Ok,Working
2020,October,15,27,10.385,10.127,Ok,Working
2020,October,16,31,10.475,10.017,Loss,Alert
2020,October,17,17,10.458,10.128,Ok,Working
2020,October,18,24,10.497,10.086,Loss,Alert
2020,October,19,30,10.373,10.253,Ok,Working
2020,October,20,15,10.494,10.15,Ok,Working
2020,October,21,27,10.452,10.223,Ok,Working
2020,October,22,21,10.503,10.1,Loss,Alert
2020,October,23,17,10.358,10.117,Ok,Working
2020,October,24,28,10.536,10.121,Loss,Alert
2020,October,25,22,10.499,10.291,Ok,Working
2020,October,26,24,10.535,10.142,Loss,Alert
2020,October,27,24,10.489,10.063,Loss,Alert
2020,October,28,27,10.35,10.109,Ok,Working
2020,October,29,25,10.566,10.076,Loss,Alert
2020,October,30,23,10.491,10.092,Loss,Alert
2020,October,31,18,10.307,10.133,Ok,Working
2020,November,1,30,10.544,10.244,Ok,Working
2020,November,2,15,10.339,10.03,Ok,Working
2020,November,3,33,10.375,10.269,Ok,Working
2020,November,4,31,10.301,10.25,Ok,Working
2020,November,5,29,10.345,10.025,Ok,Working
2020,November,6,19,10.529,10.118,Loss,Alert
2020,November,7,24,10.564,10.293,Ok,Working
2020,November,8,25,10.369,10.117,Ok,Working
2020,November,9,29,10.458,10.056,Loss,Alert
2020,November,10,33,10.374,10.168,Ok,Working
2020,November,11,22,10.476,10.256,Ok,Working
2020,November,12,26,10.322,10.244,Ok,Working
2020,November,13,35,10.309,10.229,Ok,Working
2020,November,14,24,10.443,10.182,Ok,Working
2020,November,15,31,10.406,10.079,Ok,Working
2020,November,16,17,10.382,10.236,Ok,Working
2020,November,17,16,10.327,10.039,Ok,Working
2020,November,18,34,10.571,10.095,Loss,Alert
2020,November,19,23,10.353,10.073,Ok,Working
2020,November,20,24,10.565,10.123,Loss,Alert
2020,November,21,25,10.593,10.268,Ok,Working
2020,November,22,23,10.446,10.161,Ok,Working
2020,November,23,35,10.452,10.156,Ok,Working
2020,November,24,30,10.354,10.063,Ok,Working
2020,November,25,29,10.568,10.208,Loss,Alert
2020,November,26,34,10.441,10.159,Ok,Working
2020,November,27,32,10.475,10.189,Ok,Working
2020,November,28,19,10.305,10.21,Ok,Working
2020,November,29,33,10.511,10.248,Ok,Working
2020,November,30,16,10.425,10.29,Ok,Working
2020,December,1,23,10.557,10.285,Ok,Working
2020,December,2,16,10.418,10.128,Ok,Working
2020,December,3,21,10.453,10.105,Ok,Working
2020,December,4,26,10.313,10.044,Ok,Working
2020,December,5,34,10.431,10.122,Ok,Working
2020,December,6,33,10.495,10.192,Ok,Working
2020,December,7,17,10.585,10.29,Ok,Working
2020,December,8,29,10.569,10.109,Loss,Alert
2020,December,9,32,10.473,10.053,Loss,Alert
2020,December,10,23,10.534,10.208,Ok,Working
2020,December,11,34,10.584,10.097,Loss,Alert
2020,December,12,16,10.421,10.019,Loss,Alert
2020,December,13,19,10.336,10.088,Ok,Working
2020,December,14,23,10.496,10.299,Ok,Working
2020,December,15,16,10.402,10.171,Ok,Working
2020,December,16,25,10.4,10.002,Loss,Alert
2020,December,17,35,10.321,10.182,Ok,Working
2020,December,18,33,10.537,10.257,Ok,Working
2020,December,19,25,10.362,10.173,Ok,Working
2020,December,20,24,10.423,10.011,Loss,Alert
2020,December,21,26,10.515,10.156,Loss,Alert
2020,December,22,16,10.581,10.262,Ok,Working
2020,December,23,25,10.514,10.187,Ok,Working
2020,December,24,19,10.461,10.216,Ok,Working
2020,December,25,19,10.427,10.209,Ok,Working
2020,December,26,21,10.588,10.216,Loss,Alert
2020,December,27,33,10.314,10.05,Ok,Working
2020,December,28,27,10.394,10.12,Ok,Working
2020,December,29,17,10.367,10.189,Ok,Working
2020,December,30,15,10.545,10.094,Loss,Alert
2020,December,31,26,10.325,10.1,Ok,Working
2021,January,1,25,10.51,10.121,Loss,Alert
2021,January,2,30,10.525,10.016,Loss,Alert
2021,January,3,25,10.593,10.072,Loss,Alert
2021,January,4,35,10.376,10.025,Loss,Alert
2021,January,5,22,10.486,10.149,Ok,Working
2021,January,6,17,10.599,10.161,Loss,Alert
2021,January,7,30,10.327,10.028,Ok,Working
2021,January,8,24,10.418,10.052,Loss,Alert
2021,January,9,33,10.434,10.184,Ok,Working
2021,January,10,20,10.44,10.264,Ok,Working
2021,January,11,31,10.575,10,Loss,Alert
2021,January,12,26,10.515,10.113,Loss,Alert
2021,January,13,16,10.592,10.145,Loss,Alert
2021,January,14,31,10.578,10.029,Loss,Alert
2021,January,15,34,10.513,10.054,Loss,Alert
2021,January,16,23,10.572,10.186,Loss,Alert
2021,January,17,35,10.591,10.193,Loss,Alert
2021,January,18,19,10.522,10.122,Loss,Alert
2021,January,19,33,10.589,10.022,Loss,Alert
2021,January,20,17,10.55,10.051,Loss,Alert
2021,January,21,16,10.421,10.248,Ok,Working
2021,January,22,17,10.533,10.247,Ok,Working
2021,January,23,27,10.408,10.034,Loss,Alert
2021,January,24,28,10.583,10.247,Ok,Working
2021,January,25,28,10.549,10.231,Ok,Working
2021,January,26,34,10.313,10.287,Ok,Working
2021,January,27,17,10.31,10.257,Ok,Working
2021,January,28,23,10.528,10.262,Ok,Working
2021,January,29,20,10.546,10.132,Loss,Alert
2021,January,30,31,10.533,10.03,Loss,Alert
2021,January,31,31,10.563,10.208,Loss,Alert
2021,February,1,15,10.553,10.153,Loss,Alert
2021,February,2,21,10.402,10.035,Loss,Alert
2021,February,3,35,10.518,10.235,Ok,Working
2021,February,4,34,10.414,10.131,Ok,Working
2021,February,5,29,10.314,10.077,Ok,Working
2021,February,6,34,10.347,10.279,Ok,Working
2021,February,7,21,10.365,10.18,Ok,Working
2021,February,8,22,10.595,10.06,Loss,Alert
2021,February,9,27,10.507,10.081,Loss,Alert
2021,February,10,18,10.366,10.211,Ok,Working
2021,February,11,31,10.443,10.114,Ok,Working
2021,February,12,25,10.336,10.015,Ok,Working
2021,February,13,19,10.583,10.096,Loss,Alert
2021,February,14,25,10.31,10.24,Ok,Working
2021,February,15,28,10.362,10.191,Ok,Working
2021,February,16,27,10.332,10.182,Ok,Working
2021,February,17,33,10.312,10.177,Ok,Working
2021,February,18,18,10.354,10.176,Ok,Working
2021,February,19,24,10.342,10.061,Ok,Working
2021,February,20,20,10.517,10.108,Loss,Alert
2021,February,21,20,10.448,10.228,Ok,Working
2021,February,22,31,10.555,10.122,Loss,Alert
2021,February,23,23,10.449,10.185,Ok,Working
2021,February,24,20,10.506,10.279,Ok,Working
2021,February,25,22,10.356,10.108,Ok,Working
2021,February,26,35,10.6,10.281,Ok,Working
2021,February,27,25,10.435,10.255,Ok,Working
2021,February,28,33,10.374,10.051,Ok,Working
2021,March,1,30,10.524,10.249,Ok,Working
2021,March,2,16,10.516,10.285,Ok,Working
2021,March,3,29,10.486,10.178,Ok,Working
2021,March,4,22,10.43,10.103,Ok,Working
2021,March,5,22,10.372,10.284,Ok,Working
2021,March,6,20,10.36,10.291,Ok,Working
2021,March,7,27,10.545,10.14,Loss,Alert
2021,March,8,29,10.569,10.155,Loss,Alert
2021,March,9,32,10.438,10.172,Ok,Working
2021,March,10,34,10.513,10.068,Loss,Alert
2021,March,11,15,10.406,10.038,Loss,Alert
2021,March,12,31,10.448,10.293,Ok,Working
2021,March,13,32,10.373,10.032,Ok,Working
2021,March,14,35,10.536,10.006,Loss,Alert
2021,March,15,24,10.454,10.186,Ok,Working
2021,March,16,15,10.403,10.215,Ok,Working
2021,March,17,33,10.385,10.276,Ok,Working
2021,March,18,18,10.376,10.099,Ok,Working
2021,March,19,28,10.552,10.158,Loss,Alert
2021,March,20,32,10.378,10.098,Ok,Working
2021,March,21,34,10.475,10.269,Ok,Working
2021,March,22,18,10.511,10.08,Loss,Alert
2021,March,23,16,10.397,10.244,Ok,Working
2021,March,24,15,10.404,10.164,Ok,Working
2021,March,25,28,10.386,10.075,Ok,Working
2021,March,26,31,10.422,10.042,Loss,Alert
2021,March,27,31,10.386,10.296,Ok,Working
2021,March,28,35,10.471,10.239,Ok,Working
2021,March,29,24,10.551,10.153,Loss,Alert
2021,March,30,16,10.416,10.019,Loss,Alert
2021,March,31,27,10.54,10.264,Ok,Working
2021,April,1,17,10.466,10.196,Ok,Working
2021,April,2,15,10.318,10.12,Ok,Working
2021,April,3,16,10.598,10.22,Loss,Alert
2021,April,4,21,10.386,10.044,Ok,Working
2021,April,5,33,10.334,10.225,Ok,Working
2021,April,6,27,10.36,10.155,Ok,Working
2021,April,7,16,10.536,10.01,Loss,Alert
2021,April,8,32,10.37,10.009,Loss,Alert
2021,April,9,33,10.6,10.3,Ok,Working
2021,April,10,16,10.577,10.046,Loss,Alert
2021,April,11,26,10.413,10.225,Ok,Working
2021,April,12,32,10.567,10.087,Loss,Alert
2021,April,13,15,10.458,10.145,Ok,Working
2021,April,14,27,10.432,10.063,Loss,Alert
2021,April,15,28,10.555,10.172,Loss,Alert
2021,April,16,25,10.433,10.185,Ok,Working
2021,April,17,16,10.493,10.286,Ok,Working
2021,April,18,17,10.342,10.235,Ok,Working
2021,April,19,28,10.573,10.019,Loss,Alert
2021,April,20,24,10.446,10.297,Ok,Working
2021,April,21,28,10.366,10.264,Ok,Working
2021,April,22,27,10.479,10.197,Ok,Working
2021,April,23,34,10.491,10.291,Ok,Working
2021,April,24,21,10.34,10.086,Ok,Working
2021,April,25,28,10.535,10.228,Ok,Working
2021,April,26,17,10.494,10.115,Loss,Alert
2021,April,27,29,10.456,10.257,Ok,Working
2021,April,28,23,10.381,10.089,Ok,Working
2021,April,29,23,10.377,10.05,Ok,Working
2021,April,30,23,10.562,10.075,Loss,Alert
2021,May,1,34,10.381,10.173,Ok,Working
2021,May,2,21,10.341,10.006,Ok,Working
2021,May,3,32,10.587,10.073,Loss,Alert
2021,May,4,19,10.486,10.206,Ok,Working
2021,May,5,32,10.467,10.056,Loss,Alert
2021,May,6,31,10.582,10.076,Loss,Alert
2021,May,7,22,10.496,10.234,Ok,Working
2021,May,8,35,10.457,10.144,Ok,Working
2021,May,9,24,10.309,10.248,Ok,Working
2021,May,10,17,10.446,10.16,Ok,Working
2021,May,11,26,10.514,10.063,Loss,Alert
2021,May,12,34,10.409,10.144,Ok,Working
2021,May,13,28,10.323,10.296,Ok,Working
2021,May,14,31,10.578,10.246,Ok,Working
2021,May,15,35,10.408,10.216,Ok,Working
2021,May,16,28,10.444,10.196,Ok,Working
2021,May,17,19,10.588,10.053,Loss,Alert
2021,May,18,15,10.595,10.071,Loss,Alert
2021,May,19,17,10.491,10.273,Ok,Working
2021,May,20,27,10.547,10.075,Loss,Alert
2021,May,21,27,10.47,10.187,Ok,Working
2021,May,22,19,10.407,10.229,Ok,Working
2021,May,23,29,10.313,10.046,Ok,Working
2021,May,24,23,10.541,10.035,Loss,Alert
2021,May,25,35,10.531,10.031,Loss,Alert
2021,May,26,19,10.415,10.244,Ok,Working
2021,May,27,27,10.594,10.212,Loss,Alert
2021,May,28,34,10.375,10.193,Ok,Working
2021,May,29,30,10.533,10.174,Loss,Alert
2021,May,30,27,10.457,10.196,Ok,Working
2021,May,31,35,10.573,10.221,Loss,Alert
2021,June,1,23,10.568,10.046,Loss,Alert
2021,June,2,26,10.357,10.14,Ok,Working
2021,June,3,21,10.493,10.19,Ok,Working
2021,June,4,20,10.471,10.127,Ok,Working
2021,June,5,29,10.336,10.239,Ok,Working
2021,June,6,27,10.454,10.02,Loss,Alert
2021,June,7,35,10.587,10.145,Loss,Alert
2021,June,8,27,10.397,10.264,Ok,Working
2021,June,9,25,10.509,10.239,Ok,Working
2021,June,10,32,10.337,10.029,Ok,Working
2021,June,11,33,10.578,10.267,Ok,Working
2021,June,12,23,10.483,10.098,Loss,Alert
2021,June,13,21,10.47,10.26,Ok,Working
2021,June,14,29,10.382,10.099,Ok,Working
2021,June,15,33,10.307,10.101,Ok,Working
2021,June,16,29,10.344,10.03,Ok,Working
2021,June,17,35,10.516,10.258,Ok,Working
2021,June,18,20,10.39,10.165,Ok,Working
2021,June,19,27,10.552,10.049,Loss,Alert
2021,June,20,24,10.414,10.249,Ok,Working
2021,June,21,23,10.424,10.061,Loss,Alert
2021,June,22,24,10.409,10.132,Ok,Working
2021,June,23,24,10.521,10.139,Loss,Alert
2021,June,24,20,10.47,10.02,Loss,Alert
2021,June,25,35,10.334,10.142,Ok,Working
2021,June,26,15,10.327,10.159,Ok,Working
2021,June,27,24,10.423,10.158,Ok,Working
2021,June,28,21,10.476,10.187,Ok,Working
2021,June,29,28,10.421,10.277,Ok,Working
2021,June,30,31,10.474,10.099,Loss,Alert
2021,July,1,16,10.484,10.031,Loss,Alert
2021,July,2,17,10.376,10.056,Ok,Working
2021,July,3,29,10.377,10.083,Ok,Working
2021,July,4,28,10.527,10.086,Loss,Alert
2021,July,5,28,10.426,10.075,Loss,Alert
2021,July,6,15,10.575,10.016,Loss,Alert
2021,July,7,25,10.517,10.096,Loss,Alert
2021,July,8,25,10.497,10.092,Loss,Alert
2021,July,9,16,10.5,10.046,Loss,Alert
2021,July,10,35,10.343,10.124,Ok,Working
2021,July,11,23,10.544,10.02,Loss,Alert
2021,July,12,20,10.311,10.04,Ok,Working
2021,July,13,22,10.555,10.274,Ok,Working
2021,July,14,23,10.538,10.133,Loss,Alert
2021,July,15,17,10.595,10.281,Ok,Working
2021,July,16,28,10.469,10.274,Ok,Working
2021,July,17,22,10.516,10.122,Loss,Alert
2021,July,18,30,10.552,10.289,Ok,Working
2021,July,19,27,10.487,10.012,Loss,Alert
2021,July,20,34,10.535,10.016,Loss,Alert
2021,July,21,31,10.45,10.216,Ok,Working
2021,July,22,24,10.482,10.218,Ok,Working
2021,July,23,32,10.46,10.147,Ok,Working
2021,July,24,34,10.491,10.036,Loss,Alert
2021,July,25,22,10.397,10.082,Ok,Working
2021,July,26,21,10.358,10.117,Ok,Working
2021,July,27,27,10.345,10.063,Ok,Working
2021,July,28,23,10.411,10.086,Ok,Working
2021,July,29,34,10.484,10.281,Ok,Working
2021,July,30,34,10.399,10.086,Ok,Working
2021,July,31,21,10.413,10.241,Ok,Working
2021,August,1,22,10.38,10.033,Ok,Working
2021,August,2,16,10.519,10.251,Ok,Working
2021,August,3,33,10.572,10.195,Loss,Alert
2021,August,4,24,10.46,10.161,Ok,Working
2021,August,5,31,10.318,10.3,Ok,Working
2021,August,6,33,10.443,10.112,Ok,Working
2021,August,7,32,10.537,10.095,Loss,Alert
2021,August,8,35,10.443,10.028,Loss,Alert
2021,August,9,29,10.587,10.29,Ok,Working
2021,August,10,20,10.402,10.084,Ok,Working
2021,August,11,34,10.305,10.071,Ok,Working
2021,August,12,25,10.587,10.07,Loss,Alert
2021,August,13,15,10.387,10.028,Loss,Alert
2021,August,14,26,10.511,10.166,Ok,Working
2021,August,15,26,10.377,10.071,Ok,Working
2021,August,16,35,10.405,10.073,Ok,Working
2021,August,17,16,10.417,10.1,Ok,Working
2021,August,18,21,10.445,10.23,Ok,Working
2021,August,19,31,10.321,10.065,Ok,Working
2021,August,20,24,10.399,10.007,Loss,Alert
2021,August,21,15,10.556,10.199,Loss,Alert
2021,August,22,23,10.449,10.03,Loss,Alert
2021,August,23,21,10.527,10.087,Loss,Alert
2021,August,24,19,10.383,10.239,Ok,Working
2021,August,25,32,10.46,10.125,Ok,Working
2021,August,26,29,10.594,10.279,Ok,Working
2021,August,27,28,10.395,10.008,Loss,Alert
2021,August,28,24,10.525,10.209,Ok,Working
2021,August,29,26,10.349,10.195,Ok,Working
2021,August,30,19,10.548,10.217,Ok,Working
2021,August,31,23,10.488,10.138,Loss,Alert
2021,September,1,15,10.553,10.183,Loss,Alert
2021,September,2,15,10.335,10.292,Ok,Working
2021,September,3,26,10.437,10.005,Loss,Alert
2021,September,4,23,10.469,10.283,Ok,Working
2021,September,5,28,10.366,10.193,Ok,Working
2021,September,6,30,10.484,10.28,Ok,Working
2021,September,7,21,10.49,10.139,Loss,Alert
2021,September,8,33,10.541,10.241,Ok,Working
2021,September,9,16,10.35,10.247,Ok,Working
2021,September,10,34,10.559,10.286,Ok,Working
2021,September,11,28,10.331,10.108,Ok,Working
2021,September,12,24,10.435,10.036,Loss,Alert
2021,September,13,18,10.513,10.213,Ok,Working
2021,September,14,32,10.459,10.026,Loss,Alert
2021,September,15,27,10.488,10.26,Ok,Working
2021,September,16,29,10.318,10.173,Ok,Working
2021,September,17,30,10.587,10.257,Ok,Working
2021,September,18,22,10.311,10.065,Ok,Working
2021,September,19,19,10.493,10.247,Ok,Working
2021,September,20,23,10.561,10.152,Loss,Alert
2021,September,21,21,10.571,10.006,Loss,Alert
2021,September,22,35,10.331,10.229,Ok,Working
2021,September,23,23,10.391,10.001,Loss,Alert
2021,September,24,15,10.402,10.218,Ok,Working
2021,September,25,27,10.444,10.106,Ok,Working
2021,September,26,23,10.573,10.241,Ok,Working
2021,September,27,25,10.583,10.159,Loss,Alert
2021,September,28,27,10.44,10.207,Ok,Working
2021,September,29,29,10.53,10.166,Loss,Alert
2021,September,30,29,10.516,10.261,Ok,Working
2021,October,1,29,10.302,10.207,Ok,Working
2021,October,2,16,10.314,10.299,Ok,Working
2021,October,3,21,10.367,10.007,Loss,Alert
2021,October,4,30,10.364,10.095,Ok,Working
2021,October,5,33,10.502,10.221,Ok,Working
2021,October,6,35,10.566,10.011,Loss,Alert
2021,October,7,18,10.373,10.287,Ok,Working
2021,October,8,29,10.31,10.27,Ok,Working
2021,October,9,21,10.579,10.21,Loss,Alert
2021,October,10,15,10.59,10.086,Loss,Alert
2021,October,11,33,10.482,10.203,Ok,Working
2021,October,12,17,10.47,10.034,Loss,Alert
2021,October,13,30,10.498,10.231,Ok,Working
2021,October,14,18,10.519,10.036,Loss,Alert
2021,October,15,34,10.42,10.29,Ok,Working
2021,October,16,28,10.568,10.217,Loss,Alert
2021,October,17,19,10.375,10.179,Ok,Working
2021,October,18,20,10.514,10.217,Ok,Working
2021,October,19,21,10.464,10.292,Ok,Working
2021,October,20,21,10.491,10.12,Loss,Alert
2021,October,21,27,10.386,10.055,Ok,Working
2021,October,22,28,10.476,10.089,Loss,Alert
2021,October,23,28,10.494,10.17,Ok,Working
2021,October,24,33,10.417,10.232,Ok,Working
2021,October,25,24,10.359,10.08,Ok,Working
2021,October,26,17,10.307,10.091,Ok,Working
2021,October,27,29,10.465,10.239,Ok,Working
2021,October,28,26,10.433,10.277,Ok,Working
2021,October,29,15,10.594,10.094,Loss,Alert
2021,October,30,15,10.533,10.244,Ok,Working
2021,October,31,26,10.434,10.063,Loss,Alert
2021,November,1,27,10.554,10.186,Loss,Alert
2021,November,2,26,10.405,10.043,Loss,Alert
2021,November,3,21,10.588,10.029,Loss,Alert
2021,November,4,22,10.525,10.068,Loss,Alert
2021,November,5,20,10.551,10.054,Loss,Alert
2021,November,6,20,10.32,10.282,Ok,Working
2021,November,7,24,10.342,10.021,Ok,Working
2021,November,8,15,10.499,10.008,Loss,Alert
2021,November,9,17,10.513,10.116,Loss,Alert
2021,November,10,32,10.553,10.015,Loss,Alert
2021,November,11,35,10.364,10.079,Ok,Working
2021,November,12,19,10.504,10.27,Ok,Working
2021,November,13,35,10.453,10.199,Ok,Working
2021,November,14,30,10.443,10.003,Loss,Alert
2021,November,15,24,10.402,10.114,Ok,Working
2021,November,16,32,10.379,10.202,Ok,Working
2021,November,17,28,10.316,10.025,Ok,Working
2021,November,18,16,10.503,10.243,Ok,Working
2021,November,19,28,10.579,10.16,Loss,Alert
2021,November,20,24,10.517,10.087,Loss,Alert
2021,November,21,20,10.419,10.036,Loss,Alert
2021,November,22,16,10.404,10.074,Ok,Working
2021,November,23,23,10.459,10.192,Ok,Working
2021,November,24,34,10.481,10.106,Loss,Alert
2021,November,25,25,10.591,10.21,Loss,Alert
2021,November,26,29,10.34,10.207,Ok,Working
2021,November,27,34,10.401,10.06,Ok,Working
2021,November,28,18,10.437,10.242,Ok,Working
2021,November,29,25,10.364,10.096,Ok,Working
2021,November,30,21,10.326,10.063,Ok,Working
2021,December,1,20,10.586,10.169,Loss,Alert
2021,December,2,29,10.325,10.084,Ok,Working
2021,December,3,20,10.4,10.181,Ok,Working
2021,December,4,28,10.497,10.258,Ok,Working
2021,December,5,21,10.504,10.157,Ok,Working
2021,December,6,29,10.469,10.067,Loss,Alert
2021,December,7,25,10.536,10.023,Loss,Alert
2021,December,8,35,10.547,10.213,Ok,Working
2021,December,9,28,10.364,10.153,Ok,Working
2021,December,10,20,10.503,10.2,Ok,Working
2021,December,11,30,10.406,10.071,Ok,Working
2021,December,12,27,10.447,10.17,Ok,Working
2021,December,13,31,10.505,10.248,Ok,Working
2021,December,14,29,10.445,10.249,Ok,Working
2021,December,15,26,10.596,10.168,Loss,Alert
2021,December,16,31,10.565,10.286,Ok,Working
2021,December,17,21,10.459,10.217,Ok,Working
2021,December,18,15,10.55,10.05,Loss,Alert
2021,December,19,24,10.527,10.188,Ok,Working
2021,December,20,35,10.547,10.145,Loss,Alert
2021,December,21,17,10.361,10.048,Ok,Working
2021,December,22,20,10.397,10.233,Ok,Working
2021,December,23,32,10.472,10.092,Loss,Alert
2021,December,24,16,10.544,10.103,Loss,Alert
2021,December,25,34,10.415,10.075,Ok,Working
2021,December,26,21,10.375,10.213,Ok,Working
2021,December,27,31,10.57,10.156,Loss,Alert
2021,December,28,25,10.351,10.077,Ok,Working
2021,December,29,28,10.429,10.078,Loss,Alert
2021,December,30,25,10.341,10.275,Ok,Working
2021,December,31,32,10.43,10.258,Ok,Working
2022,January,1,16,10.555,10.221,Ok,Working
2022,January,2,18,10.501,10.22,Ok,Working
2022,January,3,25,10.401,10.21,Ok,Working
2022,January,4,19,10.52,10.26,Ok,Working
2022,January,5,32,10.556,10.019,Loss,Alert
2022,January,6,28,10.319,10.298,Ok,Working
2022,January,7,28,10.451,10.062,Loss,Alert
2022,January,8,26,10.533,10.183,Loss,Alert
2022,January,9,26,10.32,10.203,Ok,Working
2022,January,10,21,10.319,10.034,Ok,Working
2022,January,11,33,10.496,10.18,Ok,Working
2022,January,12,29,10.355,10.043,Ok,Working
2022,January,13,26,10.473,10.098,Loss,Alert
2022,January,14,32,10.33,10.172,Ok,Working
2022,January,15,23,10.303,10.064,Ok,Working
2022,January,16,35,10.484,10.006,Loss,Alert
2022,January,17,26,10.349,10.027,Ok,Working
2022,January,18,20,10.563,10.005,Loss,Alert
2022,January,19,35,10.557,10.262,Ok,Working
2022,January,20,28,10.594,10.219,Loss,Alert
2022,January,21,35,10.431,10.072,Loss,Alert
2022,January,22,17,10.357,10.205,Ok,Working
2022,January,23,21,10.308,10.283,Ok,Working
2022,January,24,35,10.383,10.246,Ok,Working
2022,January,25,23,10.379,10.076,Ok,Working
2022,January,26,26,10.348,10.282,Ok,Working
2022,January,27,31,10.483,10.261,Ok,Working
2022,January,28,16,10.581,10.153,Loss,Alert
2022,January,29,33,10.32,10.224,Ok,Working
2022,January,30,15,10.333,10.183,Ok,Working
2022,January,31,18,10.385,10.123,Ok,Working
2022,February,1,19,10.474,10.292,Ok,Working
2022,February,2,20,10.479,10.265,Ok,Working
2022,February,3,20,10.367,10.199,Ok,Working
2022,February,4,21,10.485,10.054,Loss,Alert
2022,February,5,28,10.409,10.016,Loss,Alert
2022,February,6,23,10.311,10.027,Ok,Working
2022,February,7,27,10.52,10.19,Ok,Working
2022,February,8,30,10.544,10.107,Loss,Alert
2022,February,9,35,10.344,10.158,Ok,Working
2022,February,10,34,10.546,10.022,Loss,Alert
2022,February,11,16,10.508,10.141,Loss,Alert
2022,February,12,21,10.391,10.299,Ok,Working
2022,February,13,30,10.323,10.012,Ok,Working
2022,February,14,33,10.568,10.016,Loss,Alert
2022,February,15,27,10.5,10.086,Loss,Alert
2022,February,16,31,10.455,10.063,Loss,Alert
2022,February,17,27,10.432,10.227,Ok,Working
2022,February,18,31,10.453,10.19,Ok,Working
2022,February,19,28,10.495,10.249,Ok,Working
2022,February,20,31,10.461,10.003,Loss,Alert
2022,February,21,28,10.391,10.249,Ok,Working
2022,February,22,24,10.503,10.275,Ok,Working
2022,February,23,19,10.595,10.146,Loss,Alert
2022,February,24,16,10.318,10.107,Ok,Working
2022,February,25,19,10.393,10.21,Ok,Working
2022,February,26,35,10.308,10.065,Ok,Working
2022,February,27,31,10.553,10.092,Loss,Alert
2022,February,28,26,10.544,10.198,Ok,Working
2022,March,1,24,10.501,10.245,Ok,Working
2022,March,2,31,10.553,10.298,Ok,Working
2022,March,3,15,10.457,10.229,Ok,Working
2022,March,4,28,10.511,10.212,Ok,Working
2022,March,5,27,10.427,10.033,Loss,Alert
2022,March,6,23,10.468,10.109,Loss,Alert
2022,March,7,33,10.309,10.241,Ok,Working
2022,March,8,25,10.531,10.14,Loss,Alert
2022,March,9,24,10.42,10.235,Ok,Working
2022,March,10,35,10.596,10.101,Loss,Alert
2022,March,11,30,10.511,10.064,Loss,Alert
2022,March,12,35,10.583,10.155,Loss,Alert
2022,March,13,26,10.49,10.185,Ok,Working
2022,March,14,33,10.301,10.285,Ok,Working
2022,March,15,18,10.407,10.249,Ok,Working
2022,March,16,24,10.39,10.25,Ok,Working
2022,March,17,15,10.342,10.002,Ok,Working
2022,March,18,24,10.483,10.244,Ok,Working
2022,March,19,16,10.35,10.221,Ok,Working
2022,March,20,20,10.473,10.151,Ok,Working
2022,March,21,21,10.402,10.006,Loss,Alert
2022,March,22,35,10.545,10.149,Loss,Alert
2022,March,23,15,10.461,10.03,Loss,Alert
2022,March,24,35,10.494,10.16,Ok,Working
2022,March,25,27,10.507,10.058,Loss,Alert
2022,March,26,32,10.346,10.139,Ok,Working
2022,March,27,20,10.382,10.141,Ok,Working
2022,March,28,16,10.479,10.059,Loss,Alert
2022,March,29,24,10.508,10.096,Loss,Alert
2022,March,30,31,10.454,10.269,Ok,Working
2022,March,31,25,10.597,10.233,Loss,Alert
2022,April,1,29,10.511,10.005,Loss,Alert
2022,April,2,35,10.444,10.208,Ok,Working
2022,April,3,24,10.557,10.061,Loss,Alert
2022,April,4,15,10.417,10.03,Loss,Alert
2022,April,5,21,10.539,10.202,Ok,Working
2022,April,6,25,10.395,10.244,Ok,Working
2022,April,7,34,10.53,10.105,Loss,Alert
2022,April,8,22,10.543,10.058,Loss,Alert
2022,April,9,16,10.388,10.237,Ok,Working
2022,April,10,33,10.474,10.129,Ok,Working
2022,April,11,21,10.402,10.219,Ok,Working
2022,April,12,30,10.415,10.01,Loss,Alert
2022,April,13,22,10.449,10.16,Ok,Working
2022,April,14,20,10.438,10.14,Ok,Working
2022,April,15,17,10.37,10.269,Ok,Working
2022,April,16,33,10.43,10.091,Ok,Working
2022,April,17,16,10.548,10.124,Loss,Alert
2022,April,18,27,10.448,10.247,Ok,Working
2022,April,19,22,10.496,10.143,Loss,Alert
2022,April,20,33,10.572,10.119,Loss,Alert
2022,April,21,31,10.432,10.072,Loss,Alert
2022,April,22,25,10.348,10.061,Ok,Working
2022,April,23,28,10.381,10.047,Ok,Working
2022,April,24,20,10.597,10.254,Ok,Working
2022,April,25,24,10.435,10.076,Loss,Alert
2022,April,26,23,10.597,10.105,Loss,Alert
2022,April,27,34,10.367,10.055,Ok,Working
2022,April,28,32,10.418,10.145,Ok,Working
2022,April,29,33,10.518,10.029,Loss,Alert
2022,April,30,15,10.584,10.115,Loss,Alert
2022,May,1,27,10.565,10.021,Loss,Alert
2022,May,2,32,10.318,10.053,Ok,Working
2022,May,3,33,10.381,10.154,Ok,Working
2022,May,4,22,10.381,10.218,Ok,Working
2022,May,5,24,10.416,10.056,Loss,Alert
2022,May,6,24,10.554,10.077,Loss,Alert
2022,May,7,18,10.467,10.201,Ok,Working
2022,May,8,17,10.406,10.024,Loss,Alert
2022,May,9,16,10.404,10.091,Ok,Working
2022,May,10,34,10.324,10.013,Ok,Working
2022,May,11,22,10.39,10.056,Ok,Working
2022,May,12,33,10.334,10.12,Ok,Working
2022,May,13,34,10.387,10.136,Ok,Working
2022,May,14,29,10.561,10.151,Loss,Alert
2022,May,15,17,10.479,10.101,Loss,Alert
2022,May,16,29,10.448,10.058,Loss,Alert
2022,May,17,18,10.325,10.053,Ok,Working
2022,May,18,19,10.315,10.192,Ok,Working
2022,May,19,31,10.416,10.068,Ok,Working
2022,May,20,27,10.551,10.029,Loss,Alert
2022,May,21,26,10.454,10.029,Loss,Alert
2022,May,22,28,10.344,10.291,Ok,Working
2022,May,23,30,10.591,10.147,Loss,Alert
2022,May,24,26,10.581,10.218,Loss,Alert
2022,May,25,28,10.578,10.288,Ok,Working
2022,May,26,25,10.455,10.218,Ok,Working
2022,May,27,16,10.393,10.135,Ok,Working
2022,May,28,16,10.326,10.027,Ok,Working
2022,May,29,19,10.444,10.21,Ok,Working
2022,May,30,33,10.439,10.204,Ok,Working
2022,May,31,19,10.502,10.143,Loss,Alert
2022,June,1,19,10.424,10.261,Ok,Working
2022,June,2,23,10.47,10.023,Loss,Alert
2022,June,3,18,10.404,10.211,Ok,Working
2022,June,4,21,10.56,10.138,Loss,Alert
2022,June,5,23,10.396,10.191,Ok,Working
2022,June,6,16,10.418,10.025,Loss,Alert
2022,June,7,32,10.385,10.265,Ok,Working
2022,June,8,16,10.415,10.109,Ok,Working
2022,June,9,32,10.37,10.039,Ok,Working
2022,June,10,35,10.442,10.295,Ok,Working
2022,June,11,34,10.442,10.035,Loss,Alert
2022,June,12,15,10.337,10.018,Ok,Working
2022,June,13,31,10.585,10.2,Loss,Alert
2022,June,14,28,10.536,10.201,Ok,Working
2022,June,15,15,10.466,10.242,Ok,Working
2022,June,16,29,10.305,10.227,Ok,Working
2022,June,17,22,10.305,10.282,Ok,Working
2022,June,18,32,10.423,10.044,Loss,Alert
2022,June,19,31,10.517,10.292,Ok,Working
2022,June,20,20,10.455,10.071,Loss,Alert
2022,June,21,18,10.326,10.025,Ok,Working
2022,June,22,33,10.483,10.039,Loss,Alert
2022,June,23,27,10.327,10.131,Ok,Working
2022,June,24,28,10.555,10.009,Loss,Alert
2022,June,25,27,10.39,10.051,Ok,Working
2022,June,26,33,10.584,10.079,Loss,Alert
2022,June,27,33,10.541,10.283,Ok,Working
2022,June,28,15,10.339,10.167,Ok,Working
2022,June,29,26,10.39,10.075,Ok,Working
2022,June,30,17,10.526,10.079,Loss,Alert
2022,July,1,22,10.309,10.138,Ok,Working
2022,July,2,18,10.418,10.036,Loss,Alert
2022,July,3,35,10.526,10.029,Loss,Alert
2022,July,4,34,10.347,10.144,Ok,Working
2022,July,5,29,10.399,10.127,Ok,Working
2022,July,6,29,10.555,10.003,Loss,Alert
2022,July,7,18,10.537,10.161,Loss,Alert
2022,July,8,33,10.344,10.201,Ok,Working
2022,July,9,29,10.526,10.294,Ok,Working
2022,July,10,34,10.536,10.102,Loss,Alert
2022,July,11,26,10.519,10.117,Loss,Alert
2022,July,12,20,10.411,10.028,Loss,Alert
2022,July,13,22,10.422,10.151,Ok,Working
2022,July,14,31,10.382,10.069,Ok,Working
2022,July,15,26,10.56,10.238,Ok,Working
2022,July,16,29,10.474,10.258,Ok,Working
2022,July,17,21,10.51,10.099,Loss,Alert
2022,July,18,15,10.439,10.272,Ok,Working
2022,July,19,30,10.541,10.071,Loss,Alert
2022,July,20,24,10.589,10.203,Loss,Alert
2022,July,21,31,10.443,10.008,Loss,Alert
2022,July,22,30,10.398,10.281,Ok,Working
2022,July,23,17,10.475,10.175,Ok,Working
2022,July,24,30,10.554,10.162,Loss,Alert
2022,July,25,29,10.546,10.207,Ok,Working
2022,July,26,20,10.329,10.137,Ok,Working
2022,July,27,27,10.355,10.023,Ok,Working
2022,July,28,19,10.44,10.209,Ok,Working
2022,July,29,20,10.408,10.054,Loss,Alert
2022,July,30,17,10.333,10.284,Ok,Working
2022,July,31,32,10.439,10.02,Loss,Alert
2022,August,1,25,10.36,10.204,Ok,Working
2022,August,2,26,10.482,10.2,Ok,Working
2022,August,3,27,10.333,10.028,Ok,Working
2022,August,4,27,10.51,10.142,Loss,Alert
2022,August,5,18,10.584,10.252,Ok,Working
2022,August,6,16,10.594,10.166,Loss,Alert
2022,August,7,23,10.565,10.018,Loss,Alert
2022,August,8,17,10.553,10.069,Loss,Alert
2022,August,9,25,10.334,10.133,Ok,Working
2022,August,10,21,10.313,10.042,Ok,Working
2022,August,11,21,10.559,10.143,Loss,Alert
2022,August,12,34,10.309,10.031,Ok,Working
2022,August,13,34,10.33,10.209,Ok,Working
2022,August,14,28,10.441,10.26,Ok,Working
2022,August,15,34,10.382,10.258,Ok,Working
2022,August,16,28,10.321,10.09,Ok,Working
2022,August,17,35,10.368,10.07,Ok,Working
2022,August,18,20,10.414,10.1,Ok,Working
2022,August,19,25,10.442,10.021,Loss,Alert
2022,August,20,34,10.371,10.228,Ok,Working
2022,August,21,27,10.513,10.083,Loss,Alert
2022,August,22,20,10.514,10.242,Ok,Working
2022,August,23,18,10.323,10.003,Ok,Working
2022,August,24,34,10.301,10.077,Ok,Working
2022,August,25,33,10.484,10.052,Loss,Alert
2022,August,26,32,10.422,10.16,Ok,Working
2022,August,27,35,10.328,10.279,Ok,Working
2022,August,28,29,10.479,10.111,Loss,Alert
2022,August,29,16,10.332,10.05,Ok,Working
2022,August,30,23,10.465,10.085,Loss,Alert
2022,August,31,16,10.416,10.235,Ok,Working
2022,September,1,31,10.487,10.166,Ok,Working
2022,September,2,25,10.355,10.276,Ok,Working
2022,September,3,32,10.397,10.191,Ok,Working
2022,September,4,16,10.567,10.241,Ok,Working
2022,September,5,21,10.49,10.212,Ok,Working
2022,September,6,31,10.38,10.28,Ok,Working
2022,September,7,30,10.439,10.017,Loss,Alert
2022,September,8,16,10.375,10.069,Ok,Working
2022,September,9,16,10.525,10.083,Loss,Alert
2022,September,10,18,10.473,10.257,Ok,Working
2022,September,11,20,10.455,10.039,Loss,Alert
2022,September,12,22,10.429,10.248,Ok,Working
2022,September,13,34,10.321,10.154,Ok,Working
2022,September,14,18,10.537,10.191,Ok,Working
2022,September,15,27,10.413,10.036,Loss,Alert
2022,September,16,15,10.397,10.151,Ok,Working
2022,September,17,26,10.543,10.02,Loss,Alert
2022,September,18,16,10.395,10.263,Ok,Working
2022,September,19,31,10.301,10.19,Ok,Working
2022,September,20,27,10.566,10.246,Ok,Working
2022,September,21,15,10.359,10.155,Ok,Working
2022,September,22,21,10.539,10.137,Loss,Alert
2022,September,23,25,10.42,10.063,Loss,Alert
2022,September,24,20,10.395,10.248,Ok,Working
2022,September,25,30,10.544,10.156,Loss,Alert
2022,September,26,34,10.349,10.108,Ok,Working
2022,September,27,17,10.577,10.092,Loss,Alert
2022,September,28,19,10.4,10.158,Ok,Working
2022,September,29,31,10.438,10.022,Loss,Alert
2022,September,30,32,10.537,10.096,Loss,Alert
2022,October,1,32,10.426,10.153,Ok,Working
2022,October,2,23,10.499,10.049,Loss,Alert
2022,October,3,21,10.57,10.159,Loss,Alert
2022,October,4,22,10.314,10.195,Ok,Working
2022,October,5,26,10.409,10.059,Loss,Alert
2022,October,6,27,10.487,10.088,Loss,Alert
2022,October,7,26,10.457,10.08,Loss,Alert
2022,October,8,24,10.501,10.28,Ok,Working
2022,October,9,20,10.522,10.278,Ok,Working
2022,October,10,32,10.525,10.047,Loss,Alert
2022,October,11,31,10.331,10.076,Ok,Working
2022,October,12,19,10.593,10.033,Loss,Alert
2022,October,13,15,10.317,10.048,Ok,Working
2022,October,14,19,10.507,10.173,Ok,Working
2022,October,15,24,10.556,10.11,Loss,Alert
2022,October,16,23,10.306,10.16,Ok,Working
2022,October,17,17,10.583,10.156,Loss,Alert
2022,October,18,30,10.464,10.029,Loss,Alert
2022,October,19,24,10.387,10.134,Ok,Working
2022,October,20,21,10.505,10.044,Loss,Alert
2022,October,21,17,10.328,10.166,Ok,Working
2022,October,22,31,10.564,10.158,Loss,Alert
2022,October,23,25,10.353,10.127,Ok,Working
2022,October,24,17,10.529,10.184,Ok,Working
2022,October,25,22,10.432,10.104,Ok,Working
2022,October,26,15,10.556,10.086,Loss,Alert
2022,October,27,35,10.507,10.21,Ok,Working
2022,October,28,17,10.516,10.294,Ok,Working
2022,October,29,24,10.492,10.063,Loss,Alert
2022,October,30,21,10.592,10.223,Loss,Alert
2022,October,31,32,10.374,10.008,Loss,Alert
2022,November,1,15,10.543,10.202,Ok,Working
2022,November,2,24,10.394,10.232,Ok,Working
2022,November,3,33,10.441,10.13,Ok,Working
2022,November,4,26,10.472,10.236,Ok,Working
2022,November,5,15,10.426,10.27,Ok,Working
2022,November,6,27,10.406,10.247,Ok,Working
2022,November,7,20,10.321,10.176,Ok,Working
2022,November,8,22,10.574,10.002,Loss,Alert
2022,November,9,33,10.375,10.107,Ok,Working
2022,November,10,25,10.431,10.039,Loss,Alert
2022,November,11,15,10.458,10.239,Ok,Working
2022,November,12,19,10.492,10.161,Ok,Working
2022,November,13,15,10.337,10.164,Ok,Working
2022,November,14,22,10.473,10.295,Ok,Working
2022,November,15,18,10.503,10.17,Ok,Working
2022,November,16,28,10.318,10.038,Ok,Working
2022,November,17,24,10.514,10.212,Ok,Working
2022,November,18,21,10.383,10.114,Ok,Working
2022,November,19,32,10.509,10.216,Ok,Working
2022,November,20,26,10.481,10.289,Ok,Working
2022,November,21,20,10.404,10.146,Ok,Working
2022,November,22,30,10.508,10.173,Ok,Working
2022,November,23,23,10.342,10.129,Ok,Working
2022,November,24,24,10.553,10.078,Loss,Alert
2022,November,25,22,10.464,10.008,Loss,Alert
2022,November,26,20,10.523,10.043,Loss,Alert
2022,November,27,18,10.476,10.255,Ok,Working
2022,November,28,30,10.474,10.081,Loss,Alert
2022,November,29,22,10.493,10.298,Ok,Working
2022,November,30,17,10.416,10.055,Loss,Alert
2022,December,1,23,10.555,10.194,Loss,Alert
2022,December,2,20,10.3,10.297,Ok,Working
2022,December,3,23,10.323,10.154,Ok,Working
2022,December,4,24,10.439,10.251,Ok,Working
2022,December,5,30,10.455,10.107,Ok,Working
2022,December,6,34,10.492,10.014,Loss,Alert
2022,December,7,32,10.34,10.165,Ok,Working
2022,December,8,20,10.393,10.016,Loss,Alert
2022,December,9,19,10.539,10.261,Ok,Working
2022,December,10,18,10.313,10.237,Ok,Working
2022,December,11,23,10.491,10.17,Ok,Working
2022,December,12,19,10.469,10.029,Loss,Alert
2022,December,13,30,10.302,10.237,Ok,Working
2022,December,14,18,10.429,10.273,Ok,Working
2022,December,15,35,10.416,10.292,Ok,Working
2022,December,16,29,10.566,10.233,Ok,Working
2022,December,17,32,10.503,10.082,Loss,Alert
2022,December,18,35,10.422,10.273,Ok,Working
2022,December,19,17,10.418,10.074,Ok,Working
2022,December,20,30,10.344,10.159,Ok,Working
2022,December,21,28,10.318,10.141,Ok,Working
2022,December,22,21,10.504,10.144,Loss,Alert
2022,December,23,21,10.495,10.128,Loss,Alert
2022,December,24,27,10.584,10.003,Loss,Alert
2022,December,25,29,10.375,10.041,Ok,Working
2022,December,26,29,10.411,10.283,Ok,Working
2022,December,27,18,10.323,10.032,Ok,Working
2022,December,28,16,10.368,10.073,Ok,Working
2022,December,29,17,10.307,10.164,Ok,Working
2022,December,30,30,10.546,10.113,Loss,Alert
2022,December,31,34,10.452,10.11,Ok,Working
2023,January,1,32,10.491,10.287,Ok,Working
2023,January,2,34,10.421,10.225,Ok,Working
2023,January,3,23,10.319,10.229,Ok,Working
2023,January,4,18,10.534,10.053,Loss,Alert
2023,January,5,34,10.317,10.272,Ok,Working
2023,January,6,16,10.519,10.127,Loss,Alert
2023,January,7,24,10.559,10.039,Loss,Alert
2023,January,8,23,10.528,10.2,Ok,Working
2023,January,9,21,10.586,10.229,Loss,Alert
2023,January,10,21,10.455,10.215,Ok,Working
2023,January,11,30,10.599,10.104,Loss,Alert
2023,January,12,25,10.481,10.103,Loss,Alert
2023,January,13,31,10.418,10.214,Ok,Working
2023,January,14,17,10.498,10.153,Ok,Working
2023,January,15,22,10.309,10.186,Ok,Working
2023,January,16,32,10.386,10.236,Ok,Working
2023,January,17,17,10.468,10.025,Loss,Alert
2023,January,18,35,10.559,10.272,Ok,Working
2023,January,19,34,10.425,10.174,Ok,Working
2023,January,20,23,10.548,10.209,Ok,Working
2023,January,21,16,10.504,10.127,Loss,Alert
2023,January,22,35,10.314,10.15,Ok,Working
2023,January,23,24,10.362,10.289,Ok,Working
2023,January,24,19,10.468,10.27,Ok,Working
2023,January,25,32,10.383,10.043,Ok,Working
2023,January,26,20,10.34,10.115,Ok,Working
2023,January,27,16,10.358,10.296,Ok,Working
2023,January,28,30,10.433,10.221,Ok,Working
2023,January,29,21,10.478,10.253,Ok,Working
2023,January,30,26,10.35,10.289,Ok,Working
2023,January,31,15,10.397,10.132,Ok,Working
2023,February,1,15,10.365,10.231,Ok,Working
2023,February,2,27,10.437,10.056,Loss,Alert
2023,February,3,15,10.558,10.292,Ok,Working
2023,February,4,16,10.379,10.202,Ok,Working
2023,February,5,32,10.452,10.058,Loss,Alert
2023,February,6,17,10.316,10.021,Ok,Working
2023,February,7,33,10.548,10.254,Ok,Working
2023,February,8,35,10.312,10.224,Ok,Working
2023,February,9,31,10.305,10.163,Ok,Working
2023,February,10,29,10.421,10.21,Ok,Working
2023,February,11,27,10.463,10.181,Ok,Working
2023,February,12,35,10.599,10.193,Loss,Alert
2023,February,13,19,10.531,10.264,Ok,Working
2023,February,14,33,10.425,10.231,Ok,Working
2023,February,15,19,10.532,10.233,Ok,Working
2023,February,16,30,10.551,10.046,Loss,Alert
2023,February,17,31,10.55,10.018,Loss,Alert
2023,February,18,21,10.403,10.088,Ok,Working
2023,February,19,25,10.557,10.216,Ok,Working
2023,February,20,29,10.375,10.006,Loss,Alert
2023,February,21,35,10.475,10.223,Ok,Working
2023,February,22,34,10.34,10.294,Ok,Working
2023,February,23,35,10.488,10.206,Ok,Working
2023,February,24,33,10.467,10.177,Ok,Working
2023,February,25,16,10.355,10.044,Ok,Working
2023,February,26,16,10.321,10.064,Ok,Working
2023,February,27,31,10.313,10.18,Ok,Working
2023,February,28,35,10.473,10.235,Ok,Working
2023,March,1,25,10.58,10.168,Loss,Alert
2023,March,2,26,10.598,10.005,Loss,Alert
2023,March,3,35,10.352,10.034,Ok,Working
2023,March,4,15,10.367,10.001,Loss,Alert
2023,March,5,35,10.525,10.036,Loss,Alert
2023,March,6,22,10.548,10.167,Loss,Alert
2023,March,7,35,10.551,10.018,Loss,Alert
2023,March,8,35,10.454,10.243,Ok,Working
2023,March,9,35,10.404,10.017,Loss,Alert
2023,March,10,24,10.449,10.021,Loss,Alert
2023,March,11,15,10.414,10.244,Ok,Working
2023,March,12,27,10.321,10.282,Ok,Working
2023,March,13,19,10.534,10.105,Loss,Alert
2023,March,14,20,10.314,10.049,Ok,Working
2023,March,15,32,10.521,10.094,Loss,Alert
2023,March,16,16,10.368,10.284,Ok,Working
2023,March,17,32,10.433,10.087,Ok,Working
2023,March,18,24,10.535,10.265,Ok,Working
2023,March,19,32,10.465,10.026,Loss,Alert
2023,March,20,23,10.479,10.035,Loss,Alert
2023,March,21,15,10.34,10.218,Ok,Working
2023,March,22,34,10.314,10.01,Ok,Working
2023,March,23,23,10.515,10.254,Ok,Working
2023,March,24,20,10.5,10.037,Loss,Alert
2023,March,25,35,10.469,10.1,Loss,Alert
2023,March,26,34,10.34,10.278,Ok,Working
2023,March,27,23,10.419,10.062,Loss,Alert
2023,March,28,30,10.325,10.061,Ok,Working
2023,March,29,24,10.507,10.093,Loss,Alert
2023,March,30,35,10.51,10.121,Loss,Alert
2023,March,31,29,10.566,10.018,Loss,Alert
2023,April,1,23,10.498,10.123,Loss,Alert
2023,April,2,26,10.579,10.061,Loss,Alert
2023,April,3,22,10.322,10.026,Ok,Working
2023,April,4,24,10.421,10.296,Ok,Working
2023,April,5,23,10.306,10.229,Ok,Working
2023,April,6,27,10.507,10.041,Loss,Alert
2023,April,7,35,10.596,10.074,Loss,Alert
2023,April,8,33,10.306,10.002,Ok,Working
2023,April,9,29,10.324,10.197,Ok,Working
2023,April,10,29,10.348,10.001,Ok,Working
2023,April,11,34,10.57,10.171,Loss,Alert
2023,April,12,35,10.462,10.132,Ok,Working
2023,April,13,27,10.497,10.138,Loss,Alert
2023,April,14,28,10.488,10.052,Loss,Alert
2023,April,15,23,10.329,10.108,Ok,Working
2023,April,16,22,10.374,10.231,Ok,Working
2023,April,17,33,10.584,10.167,Loss,Alert
2023,April,18,30,10.539,10.052,Loss,Alert
2023,April,19,20,10.441,10.056,Loss,Alert
2023,April,20,24,10.328,10.202,Ok,Working
2023,April,21,23,10.405,10.021,Loss,Alert
2023,April,22,18,10.563,10.199,Loss,Alert
2023,April,23,23,10.495,10.066,Loss,Alert
2023,April,24,18,10.482,10.128,Loss,Alert
2023,April,25,17,10.403,10.189,Ok,Working
2023,April,26,18,10.319,10.132,Ok,Working
2023,April,27,23,10.351,10.281,Ok,Working
2023,April,28,25,10.507,10.278,Ok,Working
2023,April,29,15,10.467,10.225,Ok,Working
2023,April,30,26,10.516,10.043,Loss,Alert
2023,May,1,19,10.343,10.006,Ok,Working
2023,May,2,23,10.481,10.064,Loss,Alert
2023,May,3,19,10.578,10.118,Loss,Alert
2023,May,4,27,10.57,10.286,Ok,Working
2023,May,5,17,10.587,10.009,Loss,Alert
2023,May,6,34,10.526,10.25,Ok,Working
2023,May,7,26,10.431,10.19,Ok,Working
2023,May,8,21,10.303,10.236,Ok,Working
2023,May,9,33,10.449,10.282,Ok,Working
2023,May,10,15,10.592,10.297,Ok,Working
2023,May,11,35,10.527,10.032,Loss,Alert
2023,May,12,15,10.386,10.204,Ok,Working
2023,May,13,17,10.559,10.048,Loss,Alert
2023,May,14,23,10.492,10.003,Loss,Alert
2023,May,15,22,10.393,10.273,Ok,Working
2023,May,16,25,10.589,10.146,Loss,Alert
2023,May,17,34,10.381,10.197,Ok,Working
2023,May,18,35,10.57,10.189,Loss,Alert
2023,May,19,18,10.329,10.274,Ok,Working
2023,May,20,22,10.322,10.077,Ok,Working
2023,May,21,25,10.473,10.108,Loss,Alert
2023,May,22,35,10.564,10.054,Loss,Alert
2023,May,23,22,10.363,10.27,Ok,Working
2023,May,24,17,10.302,10.288,Ok,Working
2023,May,25,27,10.378,10.129,Ok,Working
2023,May,26,34,10.438,10.222,Ok,Working
2023,May,27,23,10.401,10.173,Ok,Working
2023,May,28,17,10.511,10.231,Ok,Working
2023,May,29,30,10.445,10.184,Ok,Working
2023,May,30,27,10.464,10.119,Ok,Working
2023,May,31,22,10.551,10.024,Loss,Alert
2023,June,1,17,10.495,10.064,Loss,Alert
2023,June,2,15,10.458,10.065,Loss,Alert
2023,June,3,22,10.337,10.049,Ok,Working
2023,June,4,30,10.533,10.098,Loss,Alert
2023,June,5,34,10.533,10.027,Loss,Alert
2023,June,6,33,10.546,10.125,Loss,Alert
2023,June,7,15,10.402,10.241,Ok,Working
2023,June,8,24,10.516,10.278,Ok,Working
2023,June,9,31,10.554,10.178,Loss,Alert
2023,June,10,28,10.387,10.213,Ok,Working
2023,June,11,28,10.432,10.299,Ok,Working
2023,June,12,27,10.403,10.108,Ok,Working
2023,June,13,22,10.522,10.224,Ok,Working
2023,June,14,22,10.337,10.071,Ok,Working
2023,June,15,21,10.352,10.254,Ok,Working
2023,June,16,32,10.323,10.185,Ok,Working
2023,June,17,25,10.317,10.06,Ok,Working
2023,June,18,18,10.465,10.069,Loss,Alert
2023,June,19,30,10.501,10.024,Loss,Alert
2023,June,20,22,10.34,10.128,Ok,Working
2023,June,21,24,10.53,10.137,Loss,Alert
2023,June,22,29,10.563,10.088,Loss,Alert
2023,June,23,25,10.373,10.226,Ok,Working
2023,June,24,34,10.357,10.256,Ok,Working
2023,June,25,16,10.541,10.291,Ok,Working
2023,June,26,18,10.521,10.058,Loss,Alert
2023,June,27,20,10.5,10.28,Ok,Working
2023,June,28,23,10.375,10.108,Ok,Working
2023,June,29,21,10.565,10.163,Loss,Alert
2023,June,30,19,10.324,10.246,Ok,Working
2023,July,1,19,10.46,10.127,Ok,Working
2023,July,2,32,10.448,10.246,Ok,Working
2023,July,3,31,10.586,10.196,Loss,Alert
2023,July,4,30,10.461,10.132,Ok,Working
2023,July,5,33,10.473,10.179,Ok,Working
2023,July,6,26,10.385,10.292,Ok,Working
2023,July,7,17,10.386,10.028,Loss,Alert
2023,July,8,28,10.336,10.256,Ok,Working
2023,July,9,23,10.537,10.057,Loss,Alert
2023,July,10,23,10.529,10.215,Ok,Working
2023,July,11,22,10.348,10.171,Ok,Working
2023,July,12,29,10.595,10.155,Loss,Alert
2023,July,13,15,10.312,10.033,Ok,Working
2023,July,14,17,10.426,10.021,Loss,Alert
2023,July,15,21,10.315,10.192,Ok,Working
2023,July,16,15,10.516,10.173,Ok,Working
2023,July,17,23,10.32,10.248,Ok,Working
2023,July,18,33,10.402,10.25,Ok,Working
2023,July,19,33,10.301,10.116,Ok,Working
2023,July,20,22,10.581,10.009,Loss,Alert
2023,July,21,20,10.343,10.28,Ok,Working
2023,July,22,22,10.319,10.297,Ok,Working
2023,July,23,18,10.378,10.058,Ok,Working
2023,July,24,31,10.448,10.004,Loss,Alert
2023,July,25,24,10.549,10.257,Ok,Working
2023,July,26,31,10.544,10.101,Loss,Alert
2023,July,27,16,10.401,10.182,Ok,Working
2023,July,28,33,10.425,10.295,Ok,Working
2023,July,29,23,10.503,10.017,Loss,Alert
2023,July,30,15,10.502,10.215,Ok,Working
2023,July,31,18,10.466,10.088,Loss,Alert
2023,August,1,34,10.462,10.062,Loss,Alert
2023,August,2,33,10.446,10.201,Ok,Working
2023,August,3,26,10.307,10.055,Ok,Working
2023,August,4,31,10.481,10.295,Ok,Working
2023,August,5,16,10.599,10.185,Loss,Alert
2023,August,6,30,10.442,10.041,Loss,Alert
2023,August,7,34,10.422,10.11,Ok,Working
2023,August,8,28,10.416,10.177,Ok,Working
2023,August,9,25,10.422,10.185,Ok,Working
2023,August,10,33,10.567,10.151,Loss,Alert
2023,August,11,22,10.365,10.12,Ok,Working
2023,August,12,28,10.538,10.063,Loss,Alert
2023,August,13,19,10.363,10.238,Ok,Working
2023,August,14,31,10.486,10.196,Ok,Working
2023,August,15,18,10.546,10.202,Ok,Working
2023,August,16,18,10.49,10.081,Loss,Alert
2023,August,17,30,10.547,10.131,Loss,Alert
2023,August,18,20,10.559,10.273,Ok,Working
2023,August,19,34,10.445,10.237,Ok,Working
2023,August,20,28,10.434,10.213,Ok,Working
2023,August,21,28,10.488,10.221,Ok,Working
2023,August,22,31,10.577,10.264,Ok,Working
2023,August,23,27,10.584,10.294,Ok,Working
2023,August,24,31,10.442,10.185,Ok,Working
2023,August,25,22,10.486,10.083,Loss,Alert
2023,August,26,21,10.477,10.002,Loss,Alert
2023,August,27,33,10.511,10.015,Loss,Alert
2023,August,28,26,10.469,10.15,Ok,Working
2023,August,29,24,10.407,10.135,Ok,Working
2023,August,30,32,10.339,10.045,Ok,Working
2023,August,31,31,10.419,10.119,Ok,Working
2023,September,1,34,10.39,10.041,Ok,Working
2023,September,2,21,10.431,10.142,Ok,Working
2023,September,3,16,10.403,10.292,Ok,Working
2023,September,4,35,10.308,10.025,Ok,Working
2023,September,5,21,10.563,10.293,Ok,Working
2023,September,6,15,10.322,10.044,Ok,Working
2023,September,7,18,10.414,10.066,Ok,Working
2023,September,8,34,10.458,10.256,Ok,Working
2023,September,9,27,10.48,10.006,Loss,Alert
2023,September,10,34,10.47,10.259,Ok,Working
2023,September,11,18,10.586,10.192,Loss,Alert
2023,September,12,19,10.376,10.264,Ok,Working
2023,September,13,15,10.522,10.11,Loss,Alert
2023,September,14,28,10.486,10.116,Loss,Alert
2023,September,15,20,10.452,10.066,Loss,Alert
2023,September,16,25,10.446,10.215,Ok,Working
2023,September,17,18,10.417,10.119,Ok,Working
2023,September,18,32,10.393,10.259,Ok,Working
2023,September,19,21,10.348,10.048,Ok,Working
2023,September,20,16,10.534,10.221,Ok,Working
